v -3.04 1.492775 2.3
v -3.04 0.55 2.3
v -3.04 0.6 1.883692
newmtl 1
Ka 0.25098039215686274 0.25098039215686274 0.25098039215686274
Kd 0.25098039215686274 0.25098039215686274 0.25098039215686274
Ks 0.07450980392156863 0.07450980392156863 0.07450980392156863
d 0.0
endmtl
v -3.04 0.55 1.55
v -3.04 0.6 1.55
v -2.09 0.6 1.55
v -2.04 0.6 1.55
v -2.09 0.6 1.883692
v -2.04 0.6 1.883692
v -2.04 0.05 1.88
v -2.04 -0.6 1.88
v -2.04 0.05 2.3
v -2.04 -0.6 1.883692
v -2.04 -1.492775 2.3
v -3.038746 0.038874 1.88
v -3.04 0.05 1.88
v -3.04 -0.6 1.88
newmtl 2
Ka 1.0 0.9372549019607843 0.13725490196078433
Kd 0.7019607843137254 0.6549019607843137 0.09411764705882353
Ks 0.050980392156862744 0.047058823529411764 0.00784313725490196
d 0.0
endmtl
v -2.044951 0.028306 1.88
v -2.041254 0.038874 1.88
v -2.050909 0.018826 1.88
v -2.058825 0.010908 1.88
v -2.068306 0.004952 1.88
v -3.021175 0.010908 1.88
v -3.011694 0.004952 1.88
v -3.001126 0.001254 1.88
v -3.029092 0.018826 1.88
v -3.035048 0.028306 1.88
v -2.078874 0.001254 1.88
v -2.09 0.0 1.88
v -2.99 0.0 1.88
v -1.77 1.492775 2.3
v -1.77 0.55 2.3
v -1.77 0.6 1.883692
v -1.77 0.55 1.55
v -1.77 0.6 1.55
v -0.82 0.6 1.55
v -0.77 0.6 1.55
v -0.82 0.6 1.883692
v -0.77 0.6 1.883692
v -0.77 0.05 1.88
v -0.77 -0.6 1.88
v -0.77 0.05 2.3
v -0.77 -0.6 1.883692
v -0.77 -1.492775 2.3
v -0.774952 0.028306 1.88
v -0.771254 0.038874 1.88
v -0.780908 0.018826 1.88
v -0.788826 0.010908 1.88
v -0.798306 0.004952 1.88
v -1.731126 0.001254 1.88
v -1.741694 0.004952 1.88
v -1.77 -0.6 1.88
v -1.751174 0.010908 1.88
v -1.759092 0.018826 1.88
v -1.765049 0.028306 1.88
v -1.768746 0.038874 1.88
v -1.77 0.05 1.88
v -0.808874 0.001254 1.88
v -0.82 0.0 1.88
v -1.72 0.0 1.88
v -3.04 -0.6 1.883692
v -3.04 0.05 2.3
v -3.04 -1.492775 2.3
v -2.99 0.6 1.883692
v -2.99 0.6 1.55
v -2.041254 0.561126 1.55
v -2.04 0.55 1.55
v -2.078874 0.598746 1.55
v -2.068306 0.595048 1.55
v -2.058825 0.589092 1.55
v -2.050909 0.581174 1.55
v -2.044951 0.571694 1.55
v -1.77 -0.6 1.883692
v -1.77 0.05 2.3
v -1.77 -1.492775 2.3
v -1.72 0.6 1.883692
v -1.72 0.6 1.55
v -0.771254 0.561126 1.55
v -0.77 0.55 1.55
v -0.808874 0.598746 1.55
v -0.798306 0.595048 1.55
v -0.788826 0.589092 1.55
v -0.780908 0.581174 1.55
v -0.774952 0.571694 1.55
v -0.5 1.492775 2.3
v -0.5 0.55 2.3
v -0.5 0.6 1.883692
v -0.5 0.55 1.55
v -0.5 0.6 1.55
v 0.45 0.6 1.55
v 0.5 0.6 1.55
v 0.45 0.6 1.883692
v 0.5 0.6 1.883692
v 0.5 0.05 1.88
v 0.5 -0.6 1.88
v 0.5 0.05 2.3
v 0.5 -0.6 1.883692
v 0.5 -1.492775 2.3
v -0.498746 0.038874 1.88
v -0.5 0.05 1.88
v -0.5 -0.6 1.88
v 0.495048 0.028306 1.88
v 0.498746 0.038874 1.88
v -0.481174 0.010908 1.88
v -0.471694 0.004952 1.88
v -0.461126 0.001254 1.88
v -0.489092 0.018826 1.88
v -0.495048 0.028306 1.88
v 0.489092 0.018826 1.88
v 0.481174 0.010908 1.88
v 0.471694 0.004952 1.88
v 0.461126 0.001254 1.88
v 0.45 0.0 1.88
v -0.45 0.0 1.88
v -0.5 -0.6 1.883692
v -0.5 0.05 2.3
v -0.5 -1.492775 2.3
v -0.45 0.6 1.883692
v -0.45 0.6 1.55
v 0.498746 0.561126 1.55
v 0.5 0.55 1.55
v 0.461126 0.598746 1.55
v 0.471694 0.595048 1.55
v 0.481174 0.589092 1.55
v 0.489092 0.581174 1.55
v 0.495048 0.571694 1.55
v -1.73395 -0.180913 0.05
v -1.69864 -0.183962 0.05
v -1.532195 -2.594594 0.05
v -3.869594 -2.446054 0.05
v -3.869594 -0.180913 0.05
v -1.654456 -0.180913 0.05
v -1.532195 -0.180913 0.05
v 1.181054 -2.594594 0.05
v -3.759681 -2.589559 0.05
v -3.778114 -2.583343 0.05
v -3.721054 -2.594594 0.05
v -3.826261 -2.551261 0.05
v -3.839033 -2.536684 0.05
v -3.811684 -2.564033 0.05
v -3.849787 -2.520545 0.05
v -3.795545 -2.574787 0.05
v -3.858343 -2.503114 0.05
v -3.864559 -2.484681 0.05
v 1.238114 -2.583343 0.05
v 1.329594 -2.446054 0.05
v 1.324559 -2.484681 0.05
v 1.318343 -2.503114 0.05
v 1.309787 -2.520545 0.05
v 1.255545 -2.574787 0.05
v 1.299033 -2.536684 0.05
v 1.271684 -2.564033 0.05
v 1.286261 -2.551261 0.05
v -0.300488 0.322136 0.05
v -0.351079 0.181892 0.05
v -0.557633 0.181892 0.05
v -0.808934 0.268471 0.05
v -0.860696 0.298951 0.05
v -1.532195 2.594594 0.05
v -0.768067 0.228961 0.05
v -0.678537 0.322136 0.05
v -0.605366 0.322136 0.05
v 1.181054 2.594594 0.05
v -0.918254 0.31646 0.05
v -0.981604 0.322136 0.05
v -1.117561 0.322136 0.05
v -1.416342 -0.122986 0.05
v -1.416342 0.041648 0.05
v -1.227317 -0.122986 0.05
v -1.239512 0.041648 0.05
v -1.227317 -0.177864 0.05
v -1.117561 -0.177864 0.05
v -1.239512 0.096526 0.05
v 1.309787 2.520545 0.05
v 1.318343 2.503114 0.05
v -0.227317 0.322136 0.05
v -0.715122 0.065848 0.05
v -0.722125 0.132754 0.05
v -0.740017 0.184861 0.05
v 1.219681 2.589559 0.05
v 1.329594 -0.180913 0.05
v -0.422439 -0.177864 0.05
v 1.329594 2.446054 0.05
v 1.324559 2.484681 0.05
v -0.489512 -0.177864 0.05
v -0.845693 -0.149604 0.05
v -0.796164 -0.117372 0.05
v -0.716076 0.041137 0.05
v -0.72571 -0.011685 0.05
v 1.219681 -2.589559 0.05
v -1.416342 0.096526 0.05
v -1.416342 0.267258 0.05
v -1.215122 0.267258 0.05
v -1.215122 0.322136 0.05
v -1.483415 0.322136 0.05
v -1.483415 -0.177864 0.05
v -0.776747 -0.09937 0.05
v -0.746765 -0.060215 0.05
v 1.238114 2.583343 0.05
v 1.255545 2.574787 0.05
v 1.271684 2.564033 0.05
v -0.97646 -0.177864 0.05
v -0.904224 -0.170142 0.05
v 1.286261 2.551261 0.05
v 1.299033 2.536684 0.05
v -1.638784 -0.179832 0.05
v -1.580976 -0.164145 0.05
v -1.580976 -0.097072 0.05
v -1.698068 -0.129084 0.05
v -1.589937 0.246307 0.05
v -1.637295 -0.121188 0.05
v -1.580976 0.241343 0.05
v -1.747298 -0.123568 0.05
v -1.784527 -0.110111 0.05
v -1.819953 -0.086363 0.05
v -1.850008 -0.052865 0.05
v -1.870412 -0.014191 0.05
v -1.88364 0.039944 0.05
v -1.885854 0.077471 0.05
v -1.880799 0.13156 0.05
v -1.867226 0.174567 0.05
v -1.70931 0.273355 0.05
v -1.823189 0.233824 0.05
v -1.75571 0.26818 0.05
v -1.792485 0.254665 0.05
v -1.846439 0.209296 0.05
v -1.64294 0.265989 0.05
v -2.184634 -0.177864 0.05
v -2.184634 0.267258 0.05
v -1.99561 0.267258 0.05
v -1.89666 -0.093725 0.05
v -1.853026 -0.135684 0.05
v -1.80629 -0.16293 0.05
v -1.869222 0.27917 0.05
v -1.828626 0.305211 0.05
v -1.780074 0.321855 0.05
v -1.905819 0.240613 0.05
v -1.932516 0.193558 0.05
v -1.948013 0.139911 0.05
v -3.795545 2.574787 0.05
v -3.778114 2.583343 0.05
v -2.251707 0.322136 0.05
v -1.751438 -0.179403 0.05
v -2.251707 -0.177864 0.05
v -3.869594 2.446054 0.05
v -3.864559 2.484681 0.05
v -1.952927 0.081568 0.05
v -1.945744 0.010579 0.05
v -1.9265 -0.04638 0.05
v -1.580976 0.296221 0.05
v -1.634273 0.318105 0.05
v -1.70488 0.327999 0.05
v -1.99561 0.322136 0.05
v -3.721054 2.594594 0.05
v -3.759681 2.589559 0.05
v -1.718552 0.328233 0.05
v -3.858343 2.503114 0.05
v -3.849787 2.520545 0.05
v -3.839033 2.536684 0.05
v -3.826261 2.551261 0.05
v -3.811684 2.564033 0.05
v -0.136916 -1.865886 2.35
v -0.071342 -1.865886 2.35
v -0.070124 -1.734387 2.35
v -1.042556 2.345354 2.35
v -0.635 2.350272 2.35
v -1.651728 2.350272 2.35
v 0.523634 2.350272 2.35
v 0.523634 2.55 2.35
v -0.030355 2.55 2.35
v -0.510125 -1.734387 2.35
v -0.510125 -1.611085 2.35
v -0.635 -1.734387 2.35
v -0.55 -1.611085 2.35
v -0.635 1.683137 2.35
v -0.55 1.611085 2.35
v -0.510125 1.683137 2.35
v 0.55 -1.611085 2.35
v 0.523634 -1.611085 2.35
v 0.523634 -1.734387 2.35
v -0.030355 -1.611085 2.35
v -0.030355 -1.734387 2.35
v -0.070124 -1.611085 2.35
v 1.285 -1.734387 2.35
v 1.285 1.683137 2.35
v 0.55 1.611085 2.35
v -0.510125 1.611085 2.35
v -0.070124 1.611085 2.35
v -0.070124 1.683137 2.35
v -0.030355 1.611085 2.35
v -0.030355 1.683137 2.35
v 0.523634 1.611085 2.35
v 0.523634 1.683137 2.35
v 0.192779 -2.372717 2.35
v 0.161293 -2.365578 2.35
v -0.030355 -2.372717 2.35
v 0.11529 -2.343428 2.35
v 0.07377 -2.308509 2.35
v 0.014208 -2.054905 2.35
v 0.03529 -1.98654 2.35
v 0.482927 -2.210731 2.35
v 0.457061 -2.270762 2.35
v 0.523634 -2.372717 2.35
v 0.415301 -2.324903 2.35
v 0.372279 -2.353692 2.35
v 0.051353 -2.27504 2.35
v 0.020937 -2.202619 2.35
v 0.008197 -2.11452 2.35
v 0.439891 -1.934192 2.35
v 0.45079 -1.95058 2.35
v 0.482353 -2.019915 2.35
v 0.497268 -2.11452 2.35
v 0.496532 -2.129998 2.35
v 0.071038 -1.928728 2.35
v 0.091 -1.909654 2.35
v 0.130373 -1.883718 2.35
v 0.307437 -1.862135 2.35
v 0.365752 -1.87926 2.35
v 0.403226 -1.900455 2.35
v 0.180131 -1.865666 2.35
v 0.251366 -1.857689 2.35
v 0.267505 -1.858031 2.35
v 0.323651 -2.371416 2.35
v 0.312083 -2.372717 2.35
v 0.523634 -2.55 2.35
v 0.251366 -2.379547 2.35
v -0.030355 -2.55 2.35
v 0.213205 -2.377348 2.35
v -1.905 2.350272 2.35
v -2.387532 2.316349 2.35
v -2.364556 2.294132 2.35
v -2.584136 2.076761 2.35
v -2.535574 2.073223 2.35
v -2.570019 2.293524 2.35
v -2.324281 2.165026 2.35
v -1.905 1.683137 2.35
v -2.331796 2.225346 2.35
v -2.346385 2.266015 2.35
v -2.496229 2.073223 2.35
v -2.496229 2.010927 2.35
v -2.41742 1.948632 2.35
v -2.476629 2.285158 2.35
v -2.50599 2.293217 2.35
v -2.542738 2.296173 2.35
v -2.682508 2.181419 2.35
v -2.680727 2.158928 2.35
v -2.421151 1.913835 2.35
v -2.539217 2.010927 2.35
v -2.429673 1.886139 2.35
v -2.406612 2.165026 2.35
v -2.33861 1.948632 2.35
v -2.339393 1.926513 2.35
v -2.34936 1.872585 2.35
v -2.366574 1.835382 2.35
v -2.392283 1.80437 2.35
v -2.426641 1.781129 2.35
v -2.770194 2.199104 2.35
v -2.76002 2.238626 2.35
v -2.931002 2.350272 2.35
v -2.74168 2.272592 2.35
v -2.711166 2.306009 2.35
v -2.674308 2.330469 2.35
v -2.406783 2.168602 2.35
v -2.413206 2.212018 2.35
v -2.422993 2.237273 2.35
v -2.579297 1.828002 2.35
v -2.542738 1.824042 2.35
v -2.505106 1.827559 2.35
v -2.4772 1.836622 2.35
v -2.693484 2.01807 2.35
v -2.664536 2.033878 2.35
v -2.664536 2.037157 2.35
v -2.654549 2.254154 2.35
v -2.638491 2.268496 2.35
v -2.611819 2.282851 2.35
v -2.668129 2.234964 2.35
v -2.677496 2.211808 2.35
v -2.674672 2.137336 2.35
v -2.670786 2.128932 2.35
v -2.660048 2.113348 2.35
v -2.657577 1.940673 2.35
v -2.625489 1.987962 2.35
v -2.650388 1.959479 2.35
v -2.63998 1.974856 2.35
v -2.584276 2.005524 2.35
v -2.613354 1.995185 2.35
v -2.658336 1.898106 2.35
v -2.661014 1.915845 2.35
v -2.641165 1.861676 2.35
v -2.626759 1.847856 2.35
v -2.605816 1.835911 2.35
v -2.641494 1.771476 2.35
v -2.679837 1.79052 2.35
v -2.931002 1.683137 2.35
v -2.704552 1.811437 2.35
v -2.729119 1.976807 2.35
v -2.713905 1.999382 2.35
v -2.710829 2.056168 2.35
v -2.672706 2.039619 2.35
v -2.737219 2.076562 2.35
v -2.74614 2.086729 2.35
v -2.644658 2.099538 2.35
v -2.618987 2.085892 2.35
v -2.436387 2.257004 2.35
v -2.454151 2.273015 2.35
v -2.457969 1.848519 2.35
v -2.441909 1.865144 2.35
v -2.651752 1.878569 2.35
v -2.473873 1.763399 2.35
v -2.546381 1.75519 2.35
v -2.580221 1.757712 2.35
v -2.723017 1.836618 2.35
v -2.736048 1.867838 2.35
v -2.743345 1.909288 2.35
v -2.759898 2.109536 2.35
v -2.76867 2.136974 2.35
v -2.772004 2.171583 2.35
v -2.743227 1.913453 2.35
v -2.738388 1.951466 2.35
v -2.629945 2.345852 2.35
v -2.587003 2.350272 2.35
v -2.931002 2.55 2.35
v -2.539217 2.35519 2.35
v -2.531743 2.355073 2.35
v -1.905 2.55 2.35
v -2.471605 2.350277 2.35
v -2.420941 2.335517 2.35
v -0.068907 1.75519 2.35
v -0.068907 2.345354 2.35
v -0.070124 2.350272 2.35
v 0.013546 2.345354 2.35
v -0.030355 2.350272 2.35
v -0.030355 2.345354 2.35
v 0.013546 1.92896 2.35
v 0.167523 1.92896 2.35
v 0.167523 1.869944 2.35
v 0.141093 1.868435 2.35
v 0.081115 1.859514 2.35
v 0.049369 1.846993 2.35
v 0.03464 1.837144 2.35
v 0.019724 1.821456 2.35
v -0.030355 1.75519 2.35
v -0.007948 1.75519 2.35
v 0.006227 1.799015 2.35
v -1.905 -1.734387 2.35
v -1.82 -1.611085 2.35
v -1.651728 -1.611085 2.35
v -1.651728 -1.734387 2.35
v -0.72 -1.611085 2.35
v -0.72 1.611085 2.35
v -1.651728 1.611085 2.35
v -1.651728 1.683137 2.35
v -1.82 1.611085 2.35
v -3.825 1.683137 2.35
v -3.825 -1.734387 2.35
v -3.09 -1.611085 2.35
v -2.931002 -1.734387 2.35
v -2.931002 -1.611085 2.35
v -1.99 -1.611085 2.35
v -1.99 1.611085 2.35
v -2.931002 1.611085 2.35
v -3.09 1.611085 2.35
v -0.070124 2.55 2.35
v -0.510125 2.55 2.35
v -0.510125 2.350272 2.35
v -0.635 2.55 2.35
v -1.651728 2.55 2.35
v 1.285 2.55 2.35
v 1.285 2.350272 2.35
v -1.143657 1.924708 2.35
v -1.139217 1.968304 2.35
v -1.278986 2.066665 2.35
v -1.153296 1.8926 2.35
v -1.114202 1.810927 2.35
v -1.155623 1.781154 2.35
v -1.048887 2.288202 2.35
v -1.066116 2.235672 2.35
v -1.056885 1.968304 2.35
v -1.057008 1.962054 2.35
v -1.064683 1.900904 2.35
v -1.084171 1.851178 2.35
v -1.094004 2.189838 2.35
v -1.135396 2.14855 2.35
v -1.193012 2.112567 2.35
v -1.2 1.839057 2.35
v -1.180174 1.853087 2.35
v -1.1666 1.86842 2.35
v -1.477025 1.983605 2.35
v -1.463029 2.014621 2.35
v -1.483115 2.276501 2.35
v -1.439066 2.046202 2.35
v -1.393759 2.083983 2.35
v -1.327487 2.038299 2.35
v -1.372125 2.00437 2.35
v -1.307785 1.828336 2.35
v -1.382596 1.988201 2.35
v -1.392638 1.963224 2.35
v -1.268178 1.824042 2.35
v -1.260316 1.82426 2.35
v -1.223135 1.829762 2.35
v -1.203546 1.763526 2.35
v -1.278986 1.75519 2.35
v -1.312252 1.758229 2.35
v -1.374807 1.773742 2.35
v -1.39714 1.92896 2.35
v -1.393011 1.903059 2.35
v -1.337085 1.837346 2.35
v -1.413904 1.794353 2.35
v -1.440786 1.818259 2.35
v -1.461063 1.847579 2.35
v -1.307644 2.12896 2.35
v -1.23952 2.165026 2.35
v -1.186382 2.197843 2.35
v -1.356735 1.848464 2.35
v -1.385303 1.882124 2.35
v -1.372751 1.863003 2.35
v -1.154895 2.228113 2.35
v -1.140172 2.251285 2.35
v -1.132052 2.276501 2.35
v -1.475549 1.884837 2.35
v -1.483115 1.932239 2.35
v -1.483191 1.948373 2.35
v -1.483115 2.345354 2.35
v -3.825 2.55 2.35
v -3.825 2.350272 2.35
v -0.153309 -2.365886 2.35
v -0.404675 -1.961515 2.35
v -0.404675 -2.365886 2.35
v -0.070124 -2.372717 2.35
v -0.071342 -2.365886 2.35
v -0.510125 -2.372717 2.35
v -0.470249 -2.365886 2.35
v -0.470249 -1.865886 2.35
v -0.393746 -1.865886 2.35
v -0.139648 -2.270258 2.35
v -0.136916 -2.270258 2.35
v -0.635 -2.372717 2.35
v -1.651728 -2.372717 2.35
v -1.905 -2.372717 2.35
v -2.931002 -2.372717 2.35
v -3.825 -2.372717 2.35
v 1.285 -2.372717 2.35
v 1.285 -2.55 2.35
v -0.070124 -2.55 2.35
v -0.510125 -2.55 2.35
v -0.635 -2.55 2.35
v -1.651728 -2.55 2.35
v -1.905 -2.55 2.35
v -2.931002 -2.55 2.35
v -3.825 -2.55 2.35
v 1.435 2.55 2.2
v 1.435 -2.55 2.2
v 1.435 2.55 0.8
v 1.435 -2.55 0.8
v -1.47 2.7 0.95
v -1.47 2.7 0.8
v -2.34 2.7 0.8
v -2.74 2.7 0.8
v -3.825 2.7 0.8
v -2.74 2.7 0.95
v -3.825 2.7 2.2
v -2.34 2.7 0.95
v 1.285 2.7 2.2
v 1.285 2.7 0.8
v 0.2 2.7 0.8
v 0.2 2.7 0.95
v -0.2 2.7 0.95
v -0.2 2.7 0.8
v -1.07 2.7 0.8
v -1.07 2.7 0.95
v -3.975 2.55 0.8
v -3.975 -2.55 0.8
v -3.975 2.55 2.2
v -3.975 -2.55 2.2
v -2.34 -2.7 0.95
v -2.34 -2.7 0.8
v -1.47 -2.7 0.8
v -1.47 -2.7 0.95
v -1.07 -2.7 0.95
v 1.285 -2.7 2.2
v -2.74 -2.7 0.95
v -3.825 -2.7 2.2
v -2.74 -2.7 0.8
v -3.825 -2.7 0.8
v 0.2 -2.7 0.8
v 1.285 -2.7 0.8
v 0.2 -2.7 0.95
v -0.2 -2.7 0.95
v -0.2 -2.7 0.8
v -1.07 -2.7 0.8
v -3.826453 2.699993 0.79995
v 1.286453 2.699993 0.79995
v -3.974993 -2.551453 0.79995
v -3.974993 2.551453 0.79995
v 1.434993 -2.551453 0.79995
v 1.434993 2.551453 0.79995
v 1.286453 -2.699993 0.79995
v -3.826453 -2.699993 0.79995
v 1.323806 -2.694768 0.797714
v 1.324758 -2.694635 0.797657
v 1.359976 -2.679847 0.796235
v 1.360419 -2.679661 0.796218
v 1.391066 -2.656066 0.795727
v 1.414661 -2.625419 0.796218
v 1.414847 -2.624976 0.796235
v 1.429635 -2.589757 0.797657
v 1.429768 -2.588806 0.797714
v 1.429889 -2.588823 2.2
v 1.414904 -2.625 2.2
v 1.391066 -2.656066 2.2
v 1.36 -2.679904 2.2
v 1.323823 -2.694889 2.2
v 1.429768 2.588806 0.797714
v 1.429635 2.589757 0.797657
v 1.414847 2.624976 0.796235
v 1.414661 2.625419 0.796218
v 1.391066 2.656066 0.795727
v 1.360419 2.679661 0.796218
v 1.359976 2.679847 0.796235
v 1.324758 2.694635 0.797657
v 1.323806 2.694768 0.797714
v 1.429889 -2.55 2.238823
v 1.424952 -2.5875 2.238823
v 1.349952 -2.5875 2.329904
v 1.318622 -2.569412 2.344889
v 1.312452 -2.577452 2.344889
v 1.285 -2.588823 2.344889
v 1.295048 -2.5875 2.344889
v 1.3225 -2.560048 2.344889
v 1.357444 -2.569412 2.329904
v 1.387452 -2.577452 2.306066
v 1.323823 -2.55 2.344889
v 1.338033 -2.603033 2.329904
v 1.304411 -2.583622 2.344889
v 1.3225 -2.614952 2.329904
v 1.304411 -2.622444 2.329904
v 1.285 -2.625 2.329904
v 1.36 -2.55 2.329904
v 1.391066 -2.55 2.306066
v 1.414904 -2.55 2.275
v 1.376856 -2.603033 2.306066
v 1.36 -2.625 2.306066
v 1.338033 -2.641856 2.306066
v 1.312452 -2.652452 2.306066
v 1.285 -2.656066 2.306066
v 1.410477 -2.583622 2.275
v 1.3975 -2.614952 2.275
v 1.376856 -2.641856 2.275
v 1.349952 -2.6625 2.275
v 1.318622 -2.675478 2.275
v 1.285 -2.679904 2.275
v 1.410477 -2.622444 2.238823
v 1.387452 -2.652452 2.238823
v 1.357444 -2.675478 2.238823
v 1.3225 -2.689952 2.238823
v 1.285 -2.694889 2.238823
v -3.969768 -2.588806 0.797714
v -3.969635 -2.589757 0.797657
v -3.954847 -2.624976 0.796235
v -3.954661 -2.625419 0.796218
v -3.931066 -2.656066 0.795727
v -3.900419 -2.679661 0.796218
v -3.899976 -2.679847 0.796235
v -3.864758 -2.694635 0.797657
v -3.863806 -2.694768 0.797714
v 1.323823 2.694889 2.2
v 1.36 2.679904 2.2
v 1.391066 2.656066 2.2
v 1.414904 2.625 2.2
v 1.429889 2.588823 2.2
v 1.323823 2.55 2.344889
v 1.36 2.55 2.329904
v 1.391066 2.55 2.306066
v 1.414904 2.55 2.275
v 1.429889 2.55 2.238823
v -1.903868 -2.55 2.35
v -3.825 -2.588823 2.344889
v -3.298502 -2.55 2.35
v -3.825 -2.625 2.329904
v -3.825 -2.656066 2.306066
v -3.825 -2.679904 2.275
v -3.825 -2.694889 2.238823
v -3.863823 -2.694889 2.2
v -3.9 -2.679904 2.2
v -3.931066 -2.656066 2.2
v -3.954904 -2.625 2.2
v -3.969889 -2.588823 2.2
v 1.285 2.694889 2.238823
v 1.3225 2.689952 2.238823
v 1.3225 2.614952 2.329904
v 1.304411 2.583622 2.344889
v 1.312452 2.577452 2.344889
v 1.3225 2.560048 2.344889
v 1.295048 2.5875 2.344889
v 1.304411 2.622444 2.329904
v 1.312452 2.652452 2.306066
v 1.285 2.588823 2.344889
v 1.338033 2.603033 2.329904
v 1.318622 2.569412 2.344889
v 1.349952 2.5875 2.329904
v 1.357444 2.569412 2.329904
v 1.285 2.625 2.329904
v 1.285 2.656066 2.306066
v 1.285 2.679904 2.275
v 1.338033 2.641856 2.306066
v 1.36 2.625 2.306066
v 1.376856 2.603033 2.306066
v 1.387452 2.577452 2.306066
v 1.318622 2.675478 2.275
v 1.349952 2.6625 2.275
v 1.376856 2.641856 2.275
v 1.3975 2.614952 2.275
v 1.410477 2.583622 2.275
v 1.357444 2.675478 2.238823
v 1.387452 2.652452 2.238823
v 1.410477 2.622444 2.238823
v 1.424952 2.5875 2.238823
v -3.8625 -2.689952 2.238823
v -3.8625 -2.614952 2.329904
v -3.844411 -2.583622 2.344889
v -3.852452 -2.577452 2.344889
v -3.863823 -2.55 2.344889
v -3.8625 -2.560048 2.344889
v -3.835048 -2.5875 2.344889
v -3.844411 -2.622444 2.329904
v -3.852452 -2.652452 2.306066
v -3.878033 -2.603033 2.329904
v -3.858621 -2.569412 2.344889
v -3.889952 -2.5875 2.329904
v -3.897444 -2.569412 2.329904
v -3.9 -2.55 2.329904
v -3.878033 -2.641856 2.306066
v -3.9 -2.625 2.306066
v -3.916856 -2.603033 2.306066
v -3.927452 -2.577452 2.306066
v -3.931066 -2.55 2.306066
v -3.858621 -2.675478 2.275
v -3.889952 -2.6625 2.275
v -3.916856 -2.641856 2.275
v -3.9375 -2.614952 2.275
v -3.950478 -2.583622 2.275
v -3.954904 -2.55 2.275
v -3.897444 -2.675478 2.238823
v -3.927452 -2.652452 2.238823
v -3.950478 -2.622444 2.238823
v -3.964952 -2.5875 2.238823
v -3.969889 -2.55 2.238823
v -3.298502 2.55 2.35
v -3.825 2.588823 2.344889
v -1.903868 2.55 2.35
v -3.825 2.625 2.329904
v -3.825 2.656066 2.306066
v -3.825 2.679904 2.275
v -3.825 2.694889 2.238823
v -3.863823 2.55 2.344889
v -3.9 2.55 2.329904
v -3.931066 2.55 2.306066
v -3.954904 2.55 2.275
v -3.969889 2.55 2.238823
v -3.964952 2.5875 2.238823
v -3.889952 2.5875 2.329904
v -3.858621 2.569412 2.344889
v -3.852452 2.577452 2.344889
v -3.835048 2.5875 2.344889
v -3.8625 2.560048 2.344889
v -3.897444 2.569412 2.329904
v -3.927452 2.577452 2.306066
v -3.878033 2.603033 2.329904
v -3.844411 2.583622 2.344889
v -3.8625 2.614952 2.329904
v -3.844411 2.622444 2.329904
v -3.916856 2.603033 2.306066
v -3.9 2.625 2.306066
v -3.878033 2.641856 2.306066
v -3.852452 2.652452 2.306066
v -3.950478 2.583622 2.275
v -3.9375 2.614952 2.275
v -3.916856 2.641856 2.275
v -3.889952 2.6625 2.275
v -3.858621 2.675478 2.275
v -3.950478 2.622444 2.238823
v -3.927452 2.652452 2.238823
v -3.897444 2.675478 2.238823
v -3.8625 2.689952 2.238823
v -3.969889 2.588823 2.2
v -3.954904 2.625 2.2
v -3.931066 2.656066 2.2
v -3.9 2.679904 2.2
v -3.863823 2.694889 2.2
v -3.969768 2.588806 0.797714
v -3.969635 2.589757 0.797657
v -3.954847 2.624976 0.796235
v -3.954661 2.625419 0.796218
v -3.931066 2.656066 0.795727
v -3.900419 2.679661 0.796218
v -3.899976 2.679847 0.796235
v -3.864758 2.694635 0.797657
v -3.863806 2.694768 0.797714
v 0.5 0.55 2.3
v 0.5 1.492775 2.3
v -0.498746 0.561126 1.55
v -0.495048 0.571694 1.55
v -0.489092 0.581174 1.55
v -0.481174 0.589092 1.55
v -0.471694 0.595048 1.55
v -0.461126 0.598746 1.55
v 0.514645 -1.568594 2.335355
v 0.506699 -1.546387 2.325
v -0.506699 -1.546387 2.325
v -0.528869 -1.589954 2.345315
v 0.528869 -1.589954 2.345315
v -0.525 -1.585635 2.343301
v -0.514645 -1.568594 2.335355
v 0.525 -1.585635 2.343301
v 0.503349 -1.519581 2.3125
v -0.503349 -1.519581 2.3125
v 0.525 1.585635 2.343301
v 0.528869 1.589954 2.345315
v -0.528869 1.589954 2.345315
v -0.525 1.585635 2.343301
v 0.506699 1.546387 2.325
v 0.514645 1.568594 2.335355
v -0.514645 1.568594 2.335355
v -0.506699 1.546387 2.325
v 0.503349 1.519581 2.3125
v -0.503349 1.519581 2.3125
v 0.537059 1.598144 2.348296
v 0.539212 1.600297 2.34858
v -0.539178 1.600263 2.348815
v -0.537118 1.598203 2.348116
v 0.539212 -1.600297 2.34858
v 0.537059 -1.598144 2.348296
v -0.537118 -1.598203 2.348116
v -0.539178 -1.600263 2.348815
v 0.482353 -2.019915 2.34
v 0.45079 -1.95058 2.34
v 0.386984 -1.977901 2.34
v 0.439891 -1.934192 2.34
v 0.363359 -1.951959 2.34
v 0.403226 -1.900455 2.34
v 0.333873 -1.932293 2.34
v 0.365752 -1.87926 2.34
v 0.297421 -1.918898 2.34
v 0.457061 -2.270762 2.34
v 0.482927 -2.210731 2.34
v 0.418535 -2.178502 2.34
v 0.496532 -2.129998 2.34
v 0.42623 -2.11452 2.34
v 0.497268 -2.11452 2.34
v 0.422271 -2.072601 2.34
v 0.407416 -2.015835 2.34
v 0.403436 -2.22549 2.34
v 0.38426 -2.258757 2.34
v 0.415301 -2.324903 2.34
v 0.360465 -2.284008 2.34
v 0.372279 -2.353692 2.34
v 0.329878 -2.303753 2.34
v 0.323651 -2.371416 2.34
v 0.295664 -2.315924 2.34
v 0.251366 -2.379547 2.34
v 0.251366 -2.32217 2.34
v 0.213205 -2.377348 2.34
v 0.204698 -2.314427 2.34
v 0.161293 -2.365578 2.34
v 0.168915 -2.30005 2.34
v 0.11529 -2.343428 2.34
v 0.140271 -2.279859 2.34
v 0.07377 -2.308509 2.34
v 0.115302 -2.251044 2.34
v 0.051353 -2.27504 2.34
v 0.020937 -2.202619 2.34
v 0.094419 -2.209538 2.34
v 0.008197 -2.11452 2.34
v 0.307437 -1.862135 2.34
v 0.267505 -1.858031 2.34
v 0.251366 -1.912334 2.34
v 0.251366 -1.857689 2.34
v 0.220874 -1.916153 2.34
v 0.180131 -1.865666 2.34
v 0.176963 -1.929965 2.34
v 0.130373 -1.883718 2.34
v 0.14552 -1.949343 2.34
v 0.091 -1.909654 2.34
v 0.120705 -1.97435 2.34
v 0.071038 -1.928728 2.34
v 0.100806 -2.007026 2.34
v 0.03529 -1.98654 2.34
v 0.085085 -2.052968 2.34
v 0.014208 -2.054905 2.34
v 0.076503 -2.11452 2.34
v 0.078682 -2.140674 2.34
v 0.251366 -2.32217 2.35
v 0.204698 -2.314427 2.35
v 0.168915 -2.30005 2.35
v 0.140271 -2.279859 2.35
v 0.115302 -2.251044 2.35
v 0.094419 -2.209538 2.35
v 0.078682 -2.140674 2.35
v 0.076503 -2.11452 2.35
v 0.085085 -2.052968 2.35
v 0.100806 -2.007026 2.35
v 0.120705 -1.97435 2.35
v 0.14552 -1.949343 2.35
v 0.176963 -1.929965 2.35
v 0.220874 -1.916153 2.35
v 0.251366 -1.912334 2.35
v 0.297421 -1.918898 2.35
v 0.333873 -1.932293 2.35
v 0.363359 -1.951959 2.35
v 0.386984 -1.977901 2.35
v 0.407416 -2.015835 2.35
v 0.422271 -2.072601 2.35
v 0.42623 -2.11452 2.35
v 0.418535 -2.178502 2.35
v 0.403436 -2.22549 2.35
v 0.38426 -2.258757 2.35
v 0.360465 -2.284008 2.35
v 0.329878 -2.303753 2.35
v 0.295664 -2.315924 2.35
v -0.404675 -1.961515 2.34
v -0.404675 -2.365886 2.34
v -0.470249 -2.365886 2.34
v -0.470249 -1.865886 2.34
v -0.393746 -1.865886 2.34
v -0.139648 -2.270258 2.34
v -0.136916 -2.270258 2.34
v -0.136916 -1.865886 2.34
v -0.071342 -1.865886 2.34
v -0.071342 -2.365886 2.34
v -0.153309 -2.365886 2.34
v -2.496229 2.073223 2.34
v -2.496229 2.010927 2.34
v -2.539217 2.010927 2.34
v -2.661014 1.915845 2.34
v -2.657577 1.940673 2.34
v -2.650388 1.959479 2.34
v -2.63998 1.974856 2.34
v -2.625489 1.987962 2.34
v -2.613354 1.995185 2.34
v -2.584276 2.005524 2.34
v -2.542738 1.824042 2.34
v -2.579297 1.828002 2.34
v -2.605816 1.835911 2.34
v -2.626759 1.847856 2.34
v -2.641165 1.861676 2.34
v -2.651752 1.878569 2.34
v -2.658336 1.898106 2.34
v -2.41742 1.948632 2.34
v -2.421151 1.913835 2.34
v -2.429673 1.886139 2.34
v -2.441909 1.865144 2.34
v -2.457969 1.848519 2.34
v -2.4772 1.836622 2.34
v -2.505106 1.827559 2.34
v -2.33861 1.948632 2.34
v -2.392283 1.80437 2.34
v -2.366574 1.835382 2.34
v -2.34936 1.872585 2.34
v -2.339393 1.926513 2.34
v -2.546381 1.75519 2.34
v -2.473873 1.763399 2.34
v -2.426641 1.781129 2.34
v -2.743345 1.909288 2.34
v -2.736048 1.867838 2.34
v -2.723017 1.836618 2.34
v -2.704552 1.811437 2.34
v -2.679837 1.79052 2.34
v -2.641494 1.771476 2.34
v -2.580221 1.757712 2.34
v -2.664536 2.033878 2.34
v -2.693484 2.01807 2.34
v -2.713905 1.999382 2.34
v -2.729119 1.976807 2.34
v -2.738388 1.951466 2.34
v -2.743227 1.913453 2.34
v -2.664536 2.037157 2.34
v -2.772004 2.171583 2.34
v -2.76867 2.136974 2.34
v -2.759898 2.109536 2.34
v -2.74614 2.086729 2.34
v -2.737219 2.076562 2.34
v -2.710829 2.056168 2.34
v -2.672706 2.039619 2.34
v -2.711166 2.306009 2.34
v -2.74168 2.272592 2.34
v -2.76002 2.238626 2.34
v -2.770194 2.199104 2.34
v -2.629945 2.345852 2.34
v -2.539217 2.35519 2.34
v -2.674308 2.330469 2.34
v -2.420941 2.335517 2.34
v -2.471605 2.350277 2.34
v -2.531743 2.355073 2.34
v -2.324281 2.165026 2.34
v -2.331796 2.225346 2.34
v -2.346385 2.266015 2.34
v -2.364556 2.294132 2.34
v -2.387532 2.316349 2.34
v -2.406612 2.165026 2.34
v -2.542738 2.296173 2.34
v -2.50599 2.293217 2.34
v -2.476629 2.285158 2.34
v -2.454151 2.273015 2.34
v -2.436387 2.257004 2.34
v -2.422993 2.237273 2.34
v -2.413206 2.212018 2.34
v -2.406783 2.168602 2.34
v -2.682508 2.181419 2.34
v -2.677496 2.211808 2.34
v -2.668129 2.234964 2.34
v -2.654549 2.254154 2.34
v -2.638491 2.268496 2.34
v -2.611819 2.282851 2.34
v -2.570019 2.293524 2.34
v -2.535574 2.073223 2.34
v -2.584136 2.076761 2.34
v -2.618987 2.085892 2.34
v -2.644658 2.099538 2.34
v -2.660048 2.113348 2.34
v -2.670786 2.128932 2.34
v -2.674672 2.137336 2.34
v -2.680727 2.158928 2.34
v -1.139217 1.968304 2.34
v -1.056885 1.968304 2.34
v -1.114202 1.810927 2.34
v -1.084171 1.851178 2.34
v -1.064683 1.900904 2.34
v -1.057008 1.962054 2.34
v -1.278986 1.75519 2.34
v -1.203546 1.763526 2.34
v -1.155623 1.781154 2.34
v -1.483115 1.932239 2.34
v -1.475549 1.884837 2.34
v -1.461063 1.847579 2.34
v -1.440786 1.818259 2.34
v -1.413904 1.794353 2.34
v -1.374807 1.773742 2.34
v -1.312252 1.758229 2.34
v -1.307644 2.12896 2.34
v -1.393759 2.083983 2.34
v -1.439066 2.046202 2.34
v -1.463029 2.014621 2.34
v -1.477025 1.983605 2.34
v -1.483191 1.948373 2.34
v -1.23952 2.165026 2.34
v -1.132052 2.276501 2.34
v -1.140172 2.251285 2.34
v -1.154895 2.228113 2.34
v -1.186382 2.197843 2.34
v -1.483115 2.276501 2.34
v -1.483115 2.345354 2.34
v -1.042556 2.345354 2.34
v -1.193012 2.112567 2.34
v -1.135396 2.14855 2.34
v -1.094004 2.189838 2.34
v -1.066116 2.235672 2.34
v -1.048887 2.288202 2.34
v -1.278986 2.066665 2.34
v -1.372125 2.00437 2.34
v -1.327487 2.038299 2.34
v -1.39714 1.92896 2.34
v -1.392638 1.963224 2.34
v -1.382596 1.988201 2.34
v -1.268178 1.824042 2.34
v -1.307785 1.828336 2.34
v -1.337085 1.837346 2.34
v -1.356735 1.848464 2.34
v -1.372751 1.863003 2.34
v -1.385303 1.882124 2.34
v -1.393011 1.903059 2.34
v -1.143657 1.924708 2.34
v -1.153296 1.8926 2.34
v -1.1666 1.86842 2.34
v -1.180174 1.853087 2.34
v -1.2 1.839057 2.34
v -1.223135 1.829762 2.34
v -1.260316 1.82426 2.34
v -0.068907 1.75519 2.34
v -0.068907 2.345354 2.34
v 0.013546 2.345354 2.34
v 0.013546 1.92896 2.34
v 0.167523 1.92896 2.34
v 0.167523 1.869944 2.34
v 0.049369 1.846993 2.34
v 0.081115 1.859514 2.34
v 0.141093 1.868435 2.34
v -0.007948 1.75519 2.34
v 0.006227 1.799015 2.34
v 0.019724 1.821456 2.34
v 0.03464 1.837144 2.34
v -0.422439 -0.177864 0.06
v -0.227317 0.322136 0.06
newmtl 3
Ka 1.0 1.0 1.0
Kd 1.0 1.0 1.0
Ks 0.8784313725490196 0.8784313725490196 0.8784313725490196
d 0.0
endmtl
v -0.300488 0.322136 0.06
v -0.351079 0.181892 0.06
v -0.557633 0.181892 0.06
v -0.605366 0.322136 0.06
v -0.678537 0.322136 0.06
v -0.489512 -0.177864 0.06
v -0.54077 0.127014 0.06
v -0.373563 0.127014 0.06
v -0.46617 -0.081828 0.06
v -0.461441 -0.099188 0.06
v -0.458167 -0.116889 0.06
v -0.456547 -0.116889 0.06
v -0.453285 -0.099222 0.06
v -0.44883 -0.081828 0.06
v -0.54077 0.127014 0.05
v -0.373563 0.127014 0.05
v -0.46617 -0.081828 0.05
v -0.461441 -0.099188 0.05
v -0.458167 -0.116889 0.05
v -0.456547 -0.116889 0.05
v -0.453285 -0.099222 0.05
v -0.44883 -0.081828 0.05
v -0.981604 0.322136 0.06
v -1.117561 0.322136 0.06
v -1.117561 -0.177864 0.06
v -0.97646 -0.177864 0.06
v -0.715122 0.065848 0.06
v -0.716076 0.041137 0.06
v -0.72571 -0.011685 0.06
v -0.746765 -0.060215 0.06
v -0.776747 -0.09937 0.06
v -0.796164 -0.117372 0.06
v -0.845693 -0.149604 0.06
v -0.904224 -0.170142 0.06
v -0.918254 0.31646 0.06
v -0.860696 0.298951 0.06
v -0.808934 0.268471 0.06
v -0.768067 0.228961 0.06
v -0.740017 0.184861 0.06
v -0.722125 0.132754 0.06
v -0.782195 0.067277 0.06
v -0.786442 0.017508 0.06
v -0.798134 -0.021995 0.06
v -0.815251 -0.052693 0.06
v -0.839511 -0.078524 0.06
v -0.875935 -0.102075 0.06
v -0.917224 -0.116616 0.06
v -0.976745 -0.122986 0.06
v -1.050488 -0.122986 0.06
v -1.050488 0.267258 0.06
v -0.979508 0.267258 0.06
v -0.926685 0.262335 0.06
v -0.884616 0.249223 0.06
v -0.850816 0.229144 0.06
v -0.822563 0.201324 0.06
v -0.801625 0.167183 0.06
v -0.788366 0.12742 0.06
v -0.976745 -0.122986 0.05
v -1.050488 -0.122986 0.05
v -0.917224 -0.116616 0.05
v -0.875935 -0.102075 0.05
v -0.839511 -0.078524 0.05
v -0.815251 -0.052693 0.05
v -0.798134 -0.021995 0.05
v -0.786442 0.017508 0.05
v -0.782195 0.067277 0.05
v -0.788366 0.12742 0.05
v -0.801625 0.167183 0.05
v -0.822563 0.201324 0.05
v -0.850816 0.229144 0.05
v -0.884616 0.249223 0.05
v -0.926685 0.262335 0.05
v -0.979508 0.267258 0.05
v -1.050488 0.267258 0.05
v -1.215122 0.267258 0.06
v -1.215122 0.322136 0.06
v -1.483415 0.322136 0.06
v -1.483415 -0.177864 0.06
v -1.227317 -0.177864 0.06
v -1.227317 -0.122986 0.06
v -1.416342 -0.122986 0.06
v -1.416342 0.041648 0.06
v -1.239512 0.041648 0.06
v -1.239512 0.096526 0.06
v -1.416342 0.096526 0.06
v -1.416342 0.267258 0.06
v -1.580976 0.241343 0.06
v -1.580976 0.296221 0.06
v -1.718552 0.328233 0.06
v -1.70488 0.327999 0.06
v -1.634273 0.318105 0.06
v -1.952927 0.081568 0.06
v -1.948013 0.139911 0.06
v -1.932516 0.193558 0.06
v -1.905819 0.240613 0.06
v -1.869222 0.27917 0.06
v -1.828626 0.305211 0.06
v -1.780074 0.321855 0.06
v -1.69864 -0.183962 0.06
v -1.751438 -0.179403 0.06
v -1.80629 -0.16293 0.06
v -1.853026 -0.135684 0.06
v -1.89666 -0.093725 0.06
v -1.9265 -0.04638 0.06
v -1.945744 0.010579 0.06
v -1.638784 -0.179832 0.06
v -1.580976 -0.164145 0.06
v -1.580976 -0.097072 0.06
v -1.698068 -0.129084 0.06
v -1.637295 -0.121188 0.06
v -1.885854 0.077471 0.06
v -1.88364 0.039944 0.06
v -1.870412 -0.014191 0.06
v -1.850008 -0.052865 0.06
v -1.819953 -0.086363 0.06
v -1.784527 -0.110111 0.06
v -1.747298 -0.123568 0.06
v -1.70931 0.273355 0.06
v -1.75571 0.26818 0.06
v -1.792485 0.254665 0.06
v -1.823189 0.233824 0.06
v -1.846439 0.209296 0.06
v -1.867226 0.174567 0.06
v -1.880799 0.13156 0.06
v -1.589937 0.246307 0.06
v -1.64294 0.265989 0.06
v -1.99561 0.267258 0.06
v -1.99561 0.322136 0.06
v -2.251707 0.322136 0.06
v -2.251707 -0.177864 0.06
v -2.184634 -0.177864 0.06
v -2.184634 0.267258 0.06
v 0.498746 0.561126 2.3
v 0.495048 0.571694 2.3
v 0.489092 0.581174 2.3
v 0.481174 0.589092 2.3
v 0.471694 0.595048 2.3
v 0.461126 0.598746 2.3
v 0.45 0.6 2.3
v -0.461126 0.598746 2.3
v -0.45 0.6 2.3
v -0.471694 0.595048 2.3
v -0.481174 0.589092 2.3
v -0.489092 0.581174 2.3
v -0.495048 0.571694 2.3
v -0.498746 0.561126 2.3
v -0.498746 0.038874 2.3
v -0.495048 0.028306 2.3
v -0.489092 0.018826 2.3
v -0.481174 0.010908 2.3
v -0.471694 0.004952 2.3
v -0.461126 0.001254 2.3
v -0.45 -0.0 2.3
v 0.45 0.0 2.3
v 0.461126 0.001254 2.3
v 0.471694 0.004952 2.3
v 0.481174 0.010908 2.3
v 0.489092 0.018826 2.3
v 0.495048 0.028306 2.3
v 0.498746 0.038874 2.3
v -0.45 0.05 2.35
v 0.45 0.05 2.35
v -0.45 0.55 2.35
v 0.45 0.55 2.35
v 0.45288 0.562617 2.348296
v 0.45 0.562941 2.348296
v 0.455615 0.561659 2.348296
v 0.458069 0.560118 2.348296
v 0.460118 0.558069 2.348296
v 0.461659 0.555615 2.348296
v 0.462617 0.55288 2.348296
v 0.462941 0.55 2.348296
v 0.475 0.55 2.343301
v 0.474373 0.555563 2.343301
v 0.485355 0.55 2.335355
v 0.484469 0.557867 2.335355
v 0.493301 0.55 2.325
v 0.492216 0.559635 2.325
v 0.498296 0.55 2.312941
v 0.497085 0.560747 2.312941
v 0.493513 0.570955 2.312941
v 0.48776 0.580112 2.312941
v 0.480112 0.58776 2.312941
v 0.470955 0.593513 2.312941
v 0.460747 0.597085 2.312941
v 0.45 0.598296 2.312941
v 0.489013 0.568788 2.325
v 0.483854 0.576998 2.325
v 0.476998 0.583854 2.325
v 0.468788 0.589013 2.325
v 0.459635 0.592216 2.325
v 0.45 0.593301 2.325
v 0.481854 0.56534 2.335355
v 0.477642 0.572044 2.335355
v 0.472044 0.577642 2.335355
v 0.46534 0.581854 2.335355
v 0.457867 0.584469 2.335355
v 0.45 0.585355 2.335355
v 0.472524 0.560847 2.343301
v 0.469546 0.565587 2.343301
v 0.465587 0.569546 2.343301
v 0.460847 0.572524 2.343301
v 0.455563 0.574373 2.343301
v 0.45 0.575 2.343301
v -0.45 0.598296 2.312941
v -0.45 0.593301 2.325
v -0.45 0.585355 2.335355
v -0.45 0.575 2.343301
v -0.45 0.562941 2.348296
v 0.498296 0.05 2.312941
v 0.493301 0.05 2.325
v 0.485355 0.05 2.335355
v 0.475 0.05 2.343301
v 0.462941 0.05 2.348296
v -0.462617 0.55288 2.348296
v -0.462941 0.55 2.348296
v -0.461659 0.555615 2.348296
v -0.460118 0.558069 2.348296
v -0.458069 0.560118 2.348296
v -0.455615 0.561659 2.348296
v -0.45288 0.562617 2.348296
v -0.455563 0.574373 2.343301
v -0.457867 0.584469 2.335355
v -0.459635 0.592216 2.325
v -0.460747 0.597085 2.312941
v -0.470955 0.593513 2.312941
v -0.480112 0.58776 2.312941
v -0.48776 0.580112 2.312941
v -0.493513 0.570955 2.312941
v -0.497085 0.560747 2.312941
v -0.498296 0.55 2.312941
v -0.468788 0.589013 2.325
v -0.476998 0.583854 2.325
v -0.483854 0.576998 2.325
v -0.489013 0.568788 2.325
v -0.492216 0.559635 2.325
v -0.493301 0.55 2.325
v -0.46534 0.581854 2.335355
v -0.472044 0.577642 2.335355
v -0.477642 0.572044 2.335355
v -0.481854 0.56534 2.335355
v -0.484469 0.557867 2.335355
v -0.485355 0.55 2.335355
v -0.460847 0.572524 2.343301
v -0.465587 0.569546 2.343301
v -0.469546 0.565587 2.343301
v -0.472524 0.560847 2.343301
v -0.474373 0.555563 2.343301
v -0.475 0.55 2.343301
v 0.462617 0.04712 2.348296
v 0.461659 0.044385 2.348296
v 0.460118 0.041931 2.348296
v 0.458069 0.039882 2.348296
v 0.455615 0.038341 2.348296
v 0.45288 0.037384 2.348296
v 0.45 0.037059 2.348296
v 0.45 0.025 2.343301
v 0.455563 0.025627 2.343301
v 0.45 0.014645 2.335355
v 0.457867 0.015531 2.335355
v 0.45 0.006699 2.325
v 0.459635 0.007784 2.325
v 0.45 0.001704 2.312941
v 0.460747 0.002915 2.312941
v 0.470955 0.006487 2.312941
v 0.480112 0.01224 2.312941
v 0.48776 0.019888 2.312941
v 0.493513 0.029045 2.312941
v 0.497085 0.039253 2.312941
v 0.468788 0.010987 2.325
v 0.476998 0.016146 2.325
v 0.483854 0.023002 2.325
v 0.489013 0.031212 2.325
v 0.492216 0.040365 2.325
v 0.46534 0.018146 2.335355
v 0.472044 0.022358 2.335355
v 0.477642 0.027956 2.335355
v 0.481854 0.03466 2.335355
v 0.484469 0.042133 2.335355
v 0.460847 0.027476 2.343301
v 0.465587 0.030454 2.343301
v 0.469546 0.034413 2.343301
v 0.472524 0.039153 2.343301
v 0.474373 0.044437 2.343301
v -0.498296 0.05 2.312941
v -0.493301 0.05 2.325
v -0.485355 0.05 2.335355
v -0.475 0.05 2.343301
v -0.462941 0.05 2.348296
v -0.45 0.001704 2.312941
v -0.45 0.006699 2.325
v -0.45 0.014645 2.335355
v -0.45 0.025 2.343301
v -0.45 0.037059 2.348296
v -0.45288 0.037384 2.348296
v -0.455615 0.038341 2.348296
v -0.458069 0.039882 2.348296
v -0.460118 0.041931 2.348296
v -0.461659 0.044385 2.348296
v -0.462617 0.04712 2.348296
v -0.474373 0.044437 2.343301
v -0.484469 0.042133 2.335355
v -0.492216 0.040365 2.325
v -0.497085 0.039253 2.312941
v -0.493513 0.029045 2.312941
v -0.48776 0.019888 2.312941
v -0.480112 0.01224 2.312941
v -0.470955 0.006487 2.312941
v -0.460747 0.002915 2.312941
v -0.489013 0.031212 2.325
v -0.483854 0.023002 2.325
v -0.476998 0.016146 2.325
v -0.468788 0.010987 2.325
v -0.459635 0.007784 2.325
v -0.481854 0.03466 2.335355
v -0.477642 0.027956 2.335355
v -0.472044 0.022358 2.335355
v -0.46534 0.018146 2.335355
v -0.457867 0.015531 2.335355
v -0.472524 0.039153 2.343301
v -0.469546 0.034413 2.343301
v -0.465587 0.030454 2.343301
v -0.460847 0.027476 2.343301
v -0.455563 0.025627 2.343301
v -0.2 4.175 0.0
v -0.2 4.175 0.15
v 0.2 4.175 0.0
newmtl 4
Ka 0.8509803921568627 0.8509803921568627 0.8509803921568627
Kd 0.596078431372549 0.596078431372549 0.596078431372549
Ks 0.043137254901960784 0.043137254901960784 0.043137254901960784
d 0.0
endmtl
v 0.2 4.175 0.15
v 0.2 2.882179 0.95
v 0.2 2.882179 0.8
v -0.2 2.882179 0.8
v -0.2 2.882179 0.95
v 0.2 3.163638 0.6375
v 0.2 3.293542 0.7125
v 0.2 3.111989 0.70481
v 0.2 3.218055 0.810876
v 0.2 3.04468 0.756458
v 0.2 3.11968 0.886362
v 0.2 2.966296 0.788926
v 0.2 3.005119 0.933815
v -0.2 2.966296 0.788926
v -0.2 3.04468 0.756458
v -0.2 3.111989 0.70481
v -0.2 3.163638 0.6375
v -0.2 3.005119 0.933815
v -0.2 3.11968 0.886362
v -0.2 3.218055 0.810876
v -0.2 3.293542 0.7125
v 0.2 3.524482 0.3125
v 0.2 3.394578 0.2375
v -0.2 3.394578 0.2375
v -0.2 3.524482 0.3125
v 0.2 3.57613 0.24519
v 0.2 3.470064 0.139124
v 0.2 3.64344 0.193542
v 0.2 3.56844 0.063638
v 0.2 3.721824 0.161074
v 0.2 3.683001 0.016185
v 0.2 3.80594 0.15
v 0.2 3.80594 0.0
v -0.2 3.80594 0.0
v -0.2 3.683001 0.016185
v -0.2 3.56844 0.063638
v -0.2 3.470064 0.139124
v -0.2 3.80594 0.15
v -0.2 3.721824 0.161074
v -0.2 3.64344 0.193542
v -0.2 3.57613 0.24519
v -0.2 -4.175 0.15
v -0.2 -4.175 0.0
v 0.2 -4.175 0.15
v 0.2 -4.175 0.0
v -0.2 -2.882179 0.95
v -0.2 -2.882179 0.8
v 0.2 -2.882179 0.8
v 0.2 -2.882179 0.95
v -0.2 -3.163638 0.6375
v -0.2 -3.293542 0.7125
v -0.2 -3.111989 0.70481
v -0.2 -3.218055 0.810876
v -0.2 -3.04468 0.756458
v -0.2 -3.11968 0.886362
v -0.2 -2.966296 0.788926
v -0.2 -3.005119 0.933815
v 0.2 -2.966296 0.788926
v 0.2 -3.04468 0.756458
v 0.2 -3.111989 0.70481
v 0.2 -3.163638 0.6375
v 0.2 -3.005119 0.933815
v 0.2 -3.11968 0.886362
v 0.2 -3.218055 0.810876
v 0.2 -3.293542 0.7125
v -0.2 -3.524482 0.3125
v -0.2 -3.394578 0.2375
v 0.2 -3.394578 0.2375
v 0.2 -3.524482 0.3125
v -0.2 -3.57613 0.24519
v -0.2 -3.470064 0.139124
v -0.2 -3.64344 0.193542
v -0.2 -3.56844 0.063638
v -0.2 -3.721824 0.161074
v -0.2 -3.683001 0.016185
v -0.2 -3.80594 0.15
v -0.2 -3.80594 0.0
v 0.2 -3.80594 0.0
v 0.2 -3.683001 0.016185
v 0.2 -3.56844 0.063638
v 0.2 -3.470064 0.139124
v 0.2 -3.80594 0.15
v 0.2 -3.721824 0.161074
v 0.2 -3.64344 0.193542
v 0.2 -3.57613 0.24519
v -2.04 0.55 2.3
v -2.04 1.492775 2.3
v -3.038746 0.561126 1.55
v -3.035048 0.571694 1.55
v -3.029092 0.581174 1.55
v -3.021175 0.589092 1.55
v -3.011694 0.595048 1.55
v -3.001126 0.598746 1.55
v -0.77 0.55 2.3
v -0.77 1.492775 2.3
v -1.759092 0.581174 1.55
v -1.751174 0.589092 1.55
v -1.768746 0.561126 1.55
v -1.765049 0.571694 1.55
v -1.741694 0.595048 1.55
v -1.731126 0.598746 1.55
v -0.755355 -1.568594 2.335355
v -0.763301 -1.546387 2.325
v -1.776699 -1.546387 2.325
v -1.798869 -1.589954 2.345315
v -0.741131 -1.589954 2.345315
v -1.795 -1.585635 2.343301
v -1.784645 -1.568594 2.335355
v -0.745 -1.585635 2.343301
v -0.766651 -1.519581 2.3125
v -1.773349 -1.519581 2.3125
v -0.741131 1.589954 2.345315
v -1.798869 1.589954 2.345315
v -1.795 1.585635 2.343301
v -0.766651 1.519581 2.3125
v -1.776699 1.546387 2.325
v -0.763301 1.546387 2.325
v -0.755355 1.568594 2.335355
v -1.784645 1.568594 2.335355
v -0.745 1.585635 2.343301
v -1.773349 1.519581 2.3125
v -3.068869 -1.589954 2.345315
v -2.011131 -1.589954 2.345315
v -2.015 -1.585635 2.343301
v -2.033301 -1.546387 2.325
v -3.046699 -1.546387 2.325
v -3.054645 -1.568594 2.335355
v -2.025355 -1.568594 2.335355
v -3.065 -1.585635 2.343301
v -2.036651 -1.519581 2.3125
v -3.043349 -1.519581 2.3125
v -2.011131 1.589954 2.345315
v -3.068869 1.589954 2.345315
v -3.065 1.585635 2.343301
v -3.046699 1.546387 2.325
v -2.033301 1.546387 2.325
v -2.025355 1.568594 2.335355
v -3.054645 1.568594 2.335355
v -2.015 1.585635 2.343301
v -3.043349 1.519581 2.3125
v -2.036651 1.519581 2.3125
v -1.809178 1.600263 2.348815
v -1.807118 1.598203 2.348116
v -0.732941 1.598144 2.348296
v -0.730788 1.600297 2.34858
v -0.730788 -1.600297 2.34858
v -0.732941 -1.598144 2.348296
v -1.807118 -1.598203 2.348116
v -1.809178 -1.600263 2.348815
v -3.079178 1.600263 2.348815
v -3.077118 1.598203 2.348116
v -2.002941 1.598144 2.348296
v -2.000787 1.600297 2.34858
v -2.000787 -1.600297 2.34858
v -2.002941 -1.598144 2.348296
v -3.077118 -1.598203 2.348116
v -3.079178 -1.600263 2.348815
v -0.771254 0.561126 2.3
v -0.774952 0.571694 2.3
v -0.780908 0.581174 2.3
v -0.788826 0.589092 2.3
v -0.798306 0.595048 2.3
v -0.808874 0.598746 2.3
v -0.82 0.6 2.3
v -1.731126 0.598746 2.3
v -1.72 0.6 2.3
v -1.741694 0.595048 2.3
v -1.751174 0.589092 2.3
v -1.759092 0.581174 2.3
v -1.765049 0.571694 2.3
v -1.768746 0.561126 2.3
v -2.041254 0.561126 2.3
v -2.044951 0.571694 2.3
v -2.050909 0.581174 2.3
v -2.058825 0.589092 2.3
v -2.068306 0.595048 2.3
v -2.078874 0.598746 2.3
v -2.09 0.6 2.3
v -3.001126 0.598746 2.3
v -2.99 0.6 2.3
v -3.011694 0.595048 2.3
v -3.021175 0.589092 2.3
v -3.029092 0.581174 2.3
v -3.035048 0.571694 2.3
v -3.038746 0.561126 2.3
v -1.768746 0.038874 2.3
v -1.765049 0.028306 2.3
v -1.759092 0.018826 2.3
v -1.751174 0.010908 2.3
v -1.741694 0.004952 2.3
v -1.731126 0.001254 2.3
v -1.72 -0.0 2.3
v -0.82 0.0 2.3
v -0.808874 0.001254 2.3
v -0.798306 0.004952 2.3
v -0.788826 0.010908 2.3
v -0.780908 0.018826 2.3
v -0.774952 0.028306 2.3
v -0.771254 0.038874 2.3
v -1.72 0.05 2.35
v -0.82 0.05 2.35
v -1.72 0.55 2.35
v -0.82 0.55 2.35
v -3.038746 0.038874 2.3
v -3.035048 0.028306 2.3
v -3.029092 0.018826 2.3
v -3.021175 0.010908 2.3
v -3.011694 0.004952 2.3
v -3.001126 0.001254 2.3
v -2.99 -0.0 2.3
v -2.09 0.0 2.3
v -2.078874 0.001254 2.3
v -2.068306 0.004952 2.3
v -2.058825 0.010908 2.3
v -2.050909 0.018826 2.3
v -2.044951 0.028306 2.3
v -2.041254 0.038874 2.3
v -2.99 0.05 2.35
v -2.09 0.05 2.35
v -2.99 0.55 2.35
v -2.09 0.55 2.35
v -0.81712 0.562617 2.348296
v -0.82 0.562941 2.348296
v -0.814385 0.561659 2.348296
v -0.811931 0.560118 2.348296
v -0.809882 0.558069 2.348296
v -0.808341 0.555615 2.348296
v -0.807383 0.55288 2.348296
v -0.807059 0.55 2.348296
v -0.795 0.55 2.343301
v -0.795627 0.555563 2.343301
v -0.784645 0.55 2.335355
v -0.785531 0.557867 2.335355
v -0.776699 0.55 2.325
v -0.777784 0.559635 2.325
v -0.771704 0.55 2.312941
v -0.772915 0.560747 2.312941
v -0.776487 0.570955 2.312941
v -0.78224 0.580112 2.312941
v -0.789888 0.58776 2.312941
v -0.799045 0.593513 2.312941
v -0.809253 0.597085 2.312941
v -0.82 0.598296 2.312941
v -0.780987 0.568788 2.325
v -0.786146 0.576998 2.325
v -0.793002 0.583854 2.325
v -0.801212 0.589013 2.325
v -0.810365 0.592216 2.325
v -0.82 0.593301 2.325
v -0.788146 0.56534 2.335355
v -0.792358 0.572044 2.335355
v -0.797956 0.577642 2.335355
v -0.80466 0.581854 2.335355
v -0.812133 0.584469 2.335355
v -0.82 0.585355 2.335355
v -0.797476 0.560847 2.343301
v -0.800454 0.565587 2.343301
v -0.804413 0.569546 2.343301
v -0.809153 0.572524 2.343301
v -0.814437 0.574373 2.343301
v -0.82 0.575 2.343301
v -1.72 0.598296 2.312941
v -1.72 0.593301 2.325
v -1.72 0.585355 2.335355
v -1.72 0.575 2.343301
v -1.72 0.562941 2.348296
v -0.771704 0.05 2.312941
v -0.776699 0.05 2.325
v -0.784645 0.05 2.335355
v -0.795 0.05 2.343301
v -0.807059 0.05 2.348296
v -1.732616 0.55288 2.348296
v -1.732941 0.55 2.348296
v -1.731659 0.555615 2.348296
v -1.730118 0.558069 2.348296
v -1.728069 0.560118 2.348296
v -1.725615 0.561659 2.348296
v -1.72288 0.562617 2.348296
v -1.725563 0.574373 2.343301
v -1.727867 0.584469 2.335355
v -1.729635 0.592216 2.325
v -1.730747 0.597085 2.312941
v -1.740955 0.593513 2.312941
v -1.750112 0.58776 2.312941
v -1.75776 0.580112 2.312941
v -1.763513 0.570955 2.312941
v -1.767085 0.560747 2.312941
v -1.768296 0.55 2.312941
v -1.738788 0.589013 2.325
v -1.746998 0.583854 2.325
v -1.753854 0.576998 2.325
v -1.759013 0.568788 2.325
v -1.762216 0.559635 2.325
v -1.763301 0.55 2.325
v -1.73534 0.581854 2.335355
v -1.742044 0.577642 2.335355
v -1.747642 0.572044 2.335355
v -1.751854 0.56534 2.335355
v -1.754469 0.557867 2.335355
v -1.755355 0.55 2.335355
v -1.730847 0.572524 2.343301
v -1.735587 0.569546 2.343301
v -1.739546 0.565587 2.343301
v -1.742524 0.560847 2.343301
v -1.744373 0.555563 2.343301
v -1.745 0.55 2.343301
v -0.807383 0.04712 2.348296
v -0.808341 0.044385 2.348296
v -0.809882 0.041931 2.348296
v -0.811931 0.039882 2.348296
v -0.814385 0.038341 2.348296
v -0.81712 0.037384 2.348296
v -0.82 0.037059 2.348296
v -0.82 0.025 2.343301
v -0.814437 0.025627 2.343301
v -0.82 0.014645 2.335355
v -0.812133 0.015531 2.335355
v -0.82 0.006699 2.325
v -0.810365 0.007784 2.325
v -0.82 0.001704 2.312941
v -0.809253 0.002915 2.312941
v -0.799045 0.006487 2.312941
v -0.789888 0.01224 2.312941
v -0.78224 0.019888 2.312941
v -0.776487 0.029045 2.312941
v -0.772915 0.039253 2.312941
v -0.801212 0.010987 2.325
v -0.793002 0.016146 2.325
v -0.786146 0.023002 2.325
v -0.780987 0.031212 2.325
v -0.777784 0.040365 2.325
v -0.80466 0.018146 2.335355
v -0.797956 0.022358 2.335355
v -0.792358 0.027956 2.335355
v -0.788146 0.03466 2.335355
v -0.785531 0.042133 2.335355
v -0.809153 0.027476 2.343301
v -0.804413 0.030454 2.343301
v -0.800454 0.034413 2.343301
v -0.797476 0.039153 2.343301
v -0.795627 0.044437 2.343301
v -1.768296 0.05 2.312941
v -1.763301 0.05 2.325
v -1.755355 0.05 2.335355
v -1.745 0.05 2.343301
v -1.732941 0.05 2.348296
v -1.72 0.001704 2.312941
v -1.72 0.006699 2.325
v -1.72 0.014645 2.335355
v -1.72 0.025 2.343301
v -1.72 0.037059 2.348296
v -1.72288 0.037384 2.348296
v -1.725615 0.038341 2.348296
v -1.728069 0.039882 2.348296
v -1.730118 0.041931 2.348296
v -1.731659 0.044385 2.348296
v -1.732616 0.04712 2.348296
v -1.744373 0.044437 2.343301
v -1.754469 0.042133 2.335355
v -1.762216 0.040365 2.325
v -1.767085 0.039253 2.312941
v -1.763513 0.029045 2.312941
v -1.75776 0.019888 2.312941
v -1.750112 0.01224 2.312941
v -1.740955 0.006487 2.312941
v -1.730747 0.002915 2.312941
v -1.759013 0.031212 2.325
v -1.753854 0.023002 2.325
v -1.746998 0.016146 2.325
v -1.738788 0.010987 2.325
v -1.729635 0.007784 2.325
v -1.751854 0.03466 2.335355
v -1.747642 0.027956 2.335355
v -1.742044 0.022358 2.335355
v -1.73534 0.018146 2.335355
v -1.727867 0.015531 2.335355
v -1.742524 0.039153 2.343301
v -1.739546 0.034413 2.343301
v -1.735587 0.030454 2.343301
v -1.730847 0.027476 2.343301
v -1.725563 0.025627 2.343301
v -2.087121 0.562617 2.348296
v -2.09 0.562941 2.348296
v -2.084385 0.561659 2.348296
v -2.081931 0.560118 2.348296
v -2.079882 0.558069 2.348296
v -2.078341 0.555615 2.348296
v -2.077384 0.55288 2.348296
v -2.077059 0.55 2.348296
v -2.065 0.55 2.343301
v -2.065627 0.555563 2.343301
v -2.054645 0.55 2.335355
v -2.055531 0.557867 2.335355
v -2.046699 0.55 2.325
v -2.047784 0.559635 2.325
v -2.041704 0.55 2.312941
v -2.042914 0.560747 2.312941
v -2.046487 0.570955 2.312941
v -2.052241 0.580112 2.312941
v -2.059888 0.58776 2.312941
v -2.069045 0.593513 2.312941
v -2.079253 0.597085 2.312941
v -2.09 0.598296 2.312941
v -2.050987 0.568788 2.325
v -2.056146 0.576998 2.325
v -2.063002 0.583854 2.325
v -2.071212 0.589013 2.325
v -2.080365 0.592216 2.325
v -2.09 0.593301 2.325
v -2.058146 0.56534 2.335355
v -2.062358 0.572044 2.335355
v -2.067956 0.577642 2.335355
v -2.07466 0.581854 2.335355
v -2.082133 0.584469 2.335355
v -2.09 0.585355 2.335355
v -2.067476 0.560847 2.343301
v -2.070454 0.565587 2.343301
v -2.074413 0.569546 2.343301
v -2.079153 0.572524 2.343301
v -2.084437 0.574373 2.343301
v -2.09 0.575 2.343301
v -2.99 0.598296 2.312941
v -2.99 0.593301 2.325
v -2.99 0.585355 2.335355
v -2.99 0.575 2.343301
v -2.99 0.562941 2.348296
v -2.041704 0.05 2.312941
v -2.046699 0.05 2.325
v -2.054645 0.05 2.335355
v -2.065 0.05 2.343301
v -2.077059 0.05 2.348296
v -3.002617 0.55288 2.348296
v -3.002941 0.55 2.348296
v -3.001659 0.555615 2.348296
v -3.000118 0.558069 2.348296
v -2.998069 0.560118 2.348296
v -2.995615 0.561659 2.348296
v -2.99288 0.562617 2.348296
v -2.995563 0.574373 2.343301
v -2.997867 0.584469 2.335355
v -2.999635 0.592216 2.325
v -3.000747 0.597085 2.312941
v -3.010955 0.593513 2.312941
v -3.020112 0.58776 2.312941
v -3.02776 0.580112 2.312941
v -3.033514 0.570955 2.312941
v -3.037085 0.560747 2.312941
v -3.038296 0.55 2.312941
v -3.008788 0.589013 2.325
v -3.016998 0.583854 2.325
v -3.023854 0.576998 2.325
v -3.029013 0.568788 2.325
v -3.032216 0.559635 2.325
v -3.033301 0.55 2.325
v -3.00534 0.581854 2.335355
v -3.012044 0.577642 2.335355
v -3.017642 0.572044 2.335355
v -3.021854 0.56534 2.335355
v -3.024469 0.557867 2.335355
v -3.025355 0.55 2.335355
v -3.000847 0.572524 2.343301
v -3.005587 0.569546 2.343301
v -3.009546 0.565587 2.343301
v -3.012524 0.560847 2.343301
v -3.014373 0.555563 2.343301
v -3.015 0.55 2.343301
v -2.077384 0.04712 2.348296
v -2.078341 0.044385 2.348296
v -2.079882 0.041931 2.348296
v -2.081931 0.039882 2.348296
v -2.084385 0.038341 2.348296
v -2.087121 0.037384 2.348296
v -2.09 0.037059 2.348296
v -2.09 0.025 2.343301
v -2.084437 0.025627 2.343301
v -2.09 0.014645 2.335355
v -2.082133 0.015531 2.335355
v -2.09 0.006699 2.325
v -2.080365 0.007784 2.325
v -2.09 0.001704 2.312941
v -2.079253 0.002915 2.312941
v -2.069045 0.006487 2.312941
v -2.059888 0.01224 2.312941
v -2.052241 0.019888 2.312941
v -2.046487 0.029045 2.312941
v -2.042914 0.039253 2.312941
v -2.071212 0.010987 2.325
v -2.063002 0.016146 2.325
v -2.056146 0.023002 2.325
v -2.050987 0.031212 2.325
v -2.047784 0.040365 2.325
v -2.07466 0.018146 2.335355
v -2.067956 0.022358 2.335355
v -2.062358 0.027956 2.335355
v -2.058146 0.03466 2.335355
v -2.055531 0.042133 2.335355
v -2.079153 0.027476 2.343301
v -2.074413 0.030454 2.343301
v -2.070454 0.034413 2.343301
v -2.067476 0.039153 2.343301
v -2.065627 0.044437 2.343301
v -3.038296 0.05 2.312941
v -3.033301 0.05 2.325
v -3.025355 0.05 2.335355
v -3.015 0.05 2.343301
v -3.002941 0.05 2.348296
v -2.99 0.001704 2.312941
v -2.99 0.006699 2.325
v -2.99 0.014645 2.335355
v -2.99 0.025 2.343301
v -2.99 0.037059 2.348296
v -2.99288 0.037384 2.348296
v -2.995615 0.038341 2.348296
v -2.998069 0.039882 2.348296
v -3.000118 0.041931 2.348296
v -3.001659 0.044385 2.348296
v -3.002617 0.04712 2.348296
v -3.014373 0.044437 2.343301
v -3.024469 0.042133 2.335355
v -3.032216 0.040365 2.325
v -3.037085 0.039253 2.312941
v -3.033514 0.029045 2.312941
v -3.02776 0.019888 2.312941
v -3.020112 0.01224 2.312941
v -3.010955 0.006487 2.312941
v -3.000747 0.002915 2.312941
v -3.029013 0.031212 2.325
v -3.023854 0.023002 2.325
v -3.016998 0.016146 2.325
v -3.008788 0.010987 2.325
v -2.999635 0.007784 2.325
v -3.021854 0.03466 2.335355
v -3.017642 0.027956 2.335355
v -3.012044 0.022358 2.335355
v -3.00534 0.018146 2.335355
v -2.997867 0.015531 2.335355
v -3.012524 0.039153 2.343301
v -3.009546 0.034413 2.343301
v -3.005587 0.030454 2.343301
v -3.000847 0.027476 2.343301
v -2.995563 0.025627 2.343301
v -1.47 4.175 0.0
v -1.47 4.175 0.15
v -1.07 4.175 0.0
v -1.07 4.175 0.15
v -1.07 2.882179 0.95
v -1.07 2.882179 0.8
v -1.47 2.882179 0.8
v -1.47 2.882179 0.95
v -1.07 3.163638 0.6375
v -1.07 3.293542 0.7125
v -1.07 3.111989 0.70481
v -1.07 3.218055 0.810876
v -1.07 3.04468 0.756458
v -1.07 3.11968 0.886362
v -1.07 2.966296 0.788926
v -1.07 3.005119 0.933815
v -1.47 2.966296 0.788926
v -1.47 3.04468 0.756458
v -1.47 3.111989 0.70481
v -1.47 3.163638 0.6375
v -1.47 3.005119 0.933815
v -1.47 3.11968 0.886362
v -1.47 3.218055 0.810876
v -1.47 3.293542 0.7125
v -1.07 3.524482 0.3125
v -1.07 3.394578 0.2375
v -1.47 3.394578 0.2375
v -1.47 3.524482 0.3125
v -1.07 3.57613 0.24519
v -1.07 3.470064 0.139124
v -1.07 3.64344 0.193542
v -1.07 3.56844 0.063638
v -1.07 3.721824 0.161074
v -1.07 3.683001 0.016185
v -1.07 3.80594 0.15
v -1.07 3.80594 0.0
v -1.47 3.80594 0.0
v -1.47 3.683001 0.016185
v -1.47 3.56844 0.063638
v -1.47 3.470064 0.139124
v -1.47 3.80594 0.15
v -1.47 3.721824 0.161074
v -1.47 3.64344 0.193542
v -1.47 3.57613 0.24519
v -2.74 4.175 0.0
v -2.74 4.175 0.15
v -2.34 4.175 0.0
v -2.34 4.175 0.15
v -2.34 2.882179 0.95
v -2.34 2.882179 0.8
v -2.74 2.882179 0.8
v -2.74 2.882179 0.95
v -2.34 3.163638 0.6375
v -2.34 3.293542 0.7125
v -2.34 3.111989 0.70481
v -2.34 3.218055 0.810876
v -2.34 3.04468 0.756458
v -2.34 3.11968 0.886362
v -2.34 2.966296 0.788926
v -2.34 3.005119 0.933815
v -2.74 2.966296 0.788926
v -2.74 3.04468 0.756458
v -2.74 3.111989 0.70481
v -2.74 3.163638 0.6375
v -2.74 3.005119 0.933815
v -2.74 3.11968 0.886362
v -2.74 3.218055 0.810876
v -2.74 3.293542 0.7125
v -2.34 3.524482 0.3125
v -2.34 3.394578 0.2375
v -2.74 3.394578 0.2375
v -2.74 3.524482 0.3125
v -2.34 3.57613 0.24519
v -2.34 3.470064 0.139124
v -2.34 3.64344 0.193542
v -2.34 3.56844 0.063638
v -2.34 3.721824 0.161074
v -2.34 3.683001 0.016185
v -2.34 3.80594 0.15
v -2.34 3.80594 0.0
v -2.74 3.80594 0.0
v -2.74 3.683001 0.016185
v -2.74 3.56844 0.063638
v -2.74 3.470064 0.139124
v -2.74 3.80594 0.15
v -2.74 3.721824 0.161074
v -2.74 3.64344 0.193542
v -2.74 3.57613 0.24519
v -1.47 -4.175 0.15
v -1.47 -4.175 0.0
v -1.07 -4.175 0.15
v -1.07 -4.175 0.0
v -1.47 -2.882179 0.95
v -1.47 -2.882179 0.8
v -1.07 -2.882179 0.8
v -1.07 -2.882179 0.95
v -1.47 -3.163638 0.6375
v -1.47 -3.293542 0.7125
v -1.47 -3.111989 0.70481
v -1.47 -3.218055 0.810876
v -1.47 -3.04468 0.756458
v -1.47 -3.11968 0.886362
v -1.47 -2.966296 0.788926
v -1.47 -3.005119 0.933815
v -1.07 -2.966296 0.788926
v -1.07 -3.04468 0.756458
v -1.07 -3.111989 0.70481
v -1.07 -3.163638 0.6375
v -1.07 -3.005119 0.933815
v -1.07 -3.11968 0.886362
v -1.07 -3.218055 0.810876
v -1.07 -3.293542 0.7125
v -1.47 -3.524482 0.3125
v -1.47 -3.394578 0.2375
v -1.07 -3.394578 0.2375
v -1.07 -3.524482 0.3125
v -1.47 -3.57613 0.24519
v -1.47 -3.470064 0.139124
v -1.47 -3.64344 0.193542
v -1.47 -3.56844 0.063638
v -1.47 -3.721824 0.161074
v -1.47 -3.683001 0.016185
v -1.47 -3.80594 0.15
v -1.47 -3.80594 0.0
v -1.07 -3.80594 0.0
v -1.07 -3.683001 0.016185
v -1.07 -3.56844 0.063638
v -1.07 -3.470064 0.139124
v -1.07 -3.80594 0.15
v -1.07 -3.721824 0.161074
v -1.07 -3.64344 0.193542
v -1.07 -3.57613 0.24519
v -2.74 -4.175 0.15
v -2.74 -4.175 0.0
v -2.34 -4.175 0.15
v -2.34 -4.175 0.0
v -2.74 -2.882179 0.95
v -2.74 -2.882179 0.8
v -2.34 -2.882179 0.8
v -2.34 -2.882179 0.95
v -2.74 -3.163638 0.6375
v -2.74 -3.293542 0.7125
v -2.74 -3.111989 0.70481
v -2.74 -3.218055 0.810876
v -2.74 -3.04468 0.756458
v -2.74 -3.11968 0.886362
v -2.74 -2.966296 0.788926
v -2.74 -3.005119 0.933815
v -2.34 -2.966296 0.788926
v -2.34 -3.04468 0.756458
v -2.34 -3.111989 0.70481
v -2.34 -3.163638 0.6375
v -2.34 -3.005119 0.933815
v -2.34 -3.11968 0.886362
v -2.34 -3.218055 0.810876
v -2.34 -3.293542 0.7125
v -2.74 -3.524482 0.3125
v -2.74 -3.394578 0.2375
v -2.34 -3.394578 0.2375
v -2.34 -3.524482 0.3125
v -2.74 -3.57613 0.24519
v -2.74 -3.470064 0.139124
v -2.74 -3.64344 0.193542
v -2.74 -3.56844 0.063638
v -2.74 -3.721824 0.161074
v -2.74 -3.683001 0.016185
v -2.74 -3.80594 0.15
v -2.74 -3.80594 0.0
v -2.34 -3.80594 0.0
v -2.34 -3.683001 0.016185
v -2.34 -3.56844 0.063638
v -2.34 -3.470064 0.139124
v -2.34 -3.80594 0.15
v -2.34 -3.721824 0.161074
v -2.34 -3.64344 0.193542
v -2.34 -3.57613 0.24519
usemtl 1
f 1// 2// 3//
f 3// 2// 4//
f 3// 4// 5//
f 6// 7// 8//
f 8// 7// 9//
f 10// 11// 12//
f 12// 11// 13//
f 12// 13// 14//
usemtl 2
f 15// 16// 17//
f 18// 11// 19//
f 19// 11// 10//
f 18// 20// 11//
f 11// 20// 21//
f 11// 21// 22//
f 23// 17// 24//
f 24// 17// 25//
f 23// 26// 17//
f 17// 26// 27//
f 17// 27// 15//
f 22// 28// 11//
f 11// 28// 29//
f 11// 29// 17//
f 17// 29// 30//
f 17// 30// 25//
usemtl 1
f 31// 32// 33//
f 33// 32// 34//
f 33// 34// 35//
f 36// 37// 38//
f 38// 37// 39//
f 40// 41// 42//
f 42// 41// 43//
f 42// 43// 44//
usemtl 2
f 45// 41// 46//
f 46// 41// 40//
f 45// 47// 41//
f 41// 47// 48//
f 41// 48// 49//
f 50// 51// 52//
f 52// 51// 53//
f 52// 53// 54//
f 54// 55// 52//
f 52// 55// 56//
f 52// 56// 57//
f 49// 58// 41//
f 41// 58// 59//
f 41// 59// 52//
f 52// 59// 60//
f 52// 60// 50//
usemtl 1
f 61// 13// 17//
f 17// 13// 11//
f 17// 16// 61//
f 61// 16// 62//
f 61// 62// 63//
f 3// 5// 64//
f 64// 5// 65//
f 66// 67// 7//
f 6// 68// 7//
f 7// 68// 69//
f 7// 69// 70//
f 70// 71// 7//
f 7// 71// 72//
f 7// 72// 66//
f 73// 43// 52//
f 52// 43// 41//
f 52// 57// 73//
f 73// 57// 74//
f 73// 74// 75//
f 33// 35// 76//
f 76// 35// 77//
f 78// 79// 37//
f 36// 80// 37//
f 37// 80// 81//
f 37// 81// 82//
f 82// 83// 37//
f 37// 83// 84//
f 37// 84// 78//
f 85// 86// 87//
f 87// 86// 88//
f 87// 88// 89//
f 90// 91// 92//
f 92// 91// 93//
f 94// 95// 96//
f 96// 95// 97//
f 96// 97// 98//
usemtl 2
f 99// 100// 101//
f 102// 95// 103//
f 103// 95// 94//
f 104// 101// 105//
f 105// 101// 106//
f 104// 107// 101//
f 101// 107// 108//
f 101// 108// 99//
f 102// 109// 95//
f 95// 109// 110//
f 95// 110// 111//
f 111// 112// 95//
f 95// 112// 113//
f 95// 113// 101//
f 101// 113// 114//
f 101// 114// 106//
usemtl 1
f 115// 97// 101//
f 101// 97// 95//
f 101// 100// 115//
f 115// 100// 116//
f 115// 116// 117//
f 87// 89// 118//
f 118// 89// 119//
f 120// 121// 91//
f 90// 122// 91//
f 91// 122// 123//
f 91// 123// 124//
f 124// 125// 91//
f 91// 125// 126//
f 91// 126// 120//
f 127// 128// 129//
f 130// 131// 127//
f 128// 132// 129//
f 129// 132// 133//
f 129// 133// 134//
f 135// 136// 130//
f 127// 129// 130//
f 130// 129// 137//
f 130// 137// 135//
f 138// 139// 140//
f 140// 139// 141//
f 140// 141// 142//
f 142// 141// 143//
f 142// 143// 136//
f 136// 143// 144//
f 136// 144// 130//
f 145// 146// 147//
f 147// 148// 145//
f 145// 148// 149//
f 145// 149// 150//
f 150// 149// 151//
f 150// 151// 152//
f 152// 151// 153//
f 154// 155// 156//
f 157// 158// 159//
f 160// 157// 161//
f 161// 157// 159//
f 161// 159// 162//
f 162// 159// 163//
f 158// 164// 159//
f 159// 164// 165//
f 159// 165// 166//
f 167// 168// 169//
f 169// 168// 170//
f 171// 169// 172//
f 172// 169// 170//
f 172// 170// 166//
f 166// 170// 173//
f 174// 175// 176//
f 177// 178// 161//
f 161// 178// 179//
f 161// 179// 160//
f 156// 162// 154//
f 154// 162// 163//
f 154// 163// 176//
f 176// 163// 180//
f 181// 182// 183//
f 183// 182// 176//
f 183// 176// 184//
f 184// 176// 175//
f 185// 186// 187//
f 177// 161// 188//
f 188// 161// 185//
f 188// 185// 189//
f 145// 190// 146//
f 146// 190// 134//
f 146// 134// 181//
f 181// 134// 133//
f 181// 133// 182//
f 182// 133// 185//
f 191// 192// 173//
f 173// 192// 193//
f 173// 193// 166//
f 166// 193// 194//
f 166// 194// 159//
f 159// 194// 195//
f 159// 195// 133//
f 133// 195// 196//
f 133// 196// 171//
f 187// 197// 185//
f 185// 197// 198//
f 185// 198// 189//
f 180// 199// 176//
f 176// 199// 200//
f 176// 200// 201//
f 171// 172// 133//
f 133// 172// 202//
f 133// 202// 185//
f 185// 202// 203//
f 185// 203// 186//
f 201// 204// 176//
f 176// 204// 205//
f 176// 205// 174//
f 132// 206// 133//
f 133// 206// 207//
f 133// 207// 208//
f 209// 210// 211//
f 211// 210// 212//
f 211// 212// 208//
f 209// 213// 210//
f 210// 213// 214//
f 210// 214// 215//
f 215// 216// 210//
f 210// 216// 217//
f 210// 217// 218//
f 218// 219// 210//
f 210// 219// 220//
f 210// 220// 221//
f 222// 223// 224//
f 224// 223// 225//
f 221// 226// 210//
f 210// 226// 223//
f 210// 223// 227//
f 227// 223// 222//
f 228// 229// 230//
f 231// 232// 228//
f 228// 232// 233//
f 234// 230// 235//
f 235// 230// 236//
f 234// 237// 230//
f 230// 237// 238//
f 230// 238// 239//
f 240// 241// 242//
f 233// 243// 228//
f 228// 243// 127//
f 228// 127// 244//
f 244// 127// 131//
f 244// 131// 242//
f 242// 131// 245//
f 242// 245// 246//
f 239// 247// 230//
f 230// 247// 248//
f 230// 248// 228//
f 228// 248// 249//
f 228// 249// 231//
f 208// 212// 133//
f 133// 212// 250//
f 133// 250// 159//
f 159// 250// 251//
f 159// 251// 252//
f 159// 253// 254//
f 254// 253// 242//
f 254// 242// 255//
f 255// 242// 241//
f 230// 253// 236//
f 236// 253// 159//
f 236// 159// 256//
f 256// 159// 252//
f 246// 257// 242//
f 242// 257// 258//
f 242// 258// 259//
f 259// 260// 242//
f 242// 260// 261//
f 242// 261// 240//
f 262// 263// 264//
f 265// 266// 267//
f 268// 269// 270//
f 271// 272// 273//
f 273// 272// 274//
f 273// 274// 275//
f 275// 274// 276//
f 275// 276// 277//
f 278// 279// 280//
f 280// 279// 281//
f 280// 281// 282//
f 282// 281// 283//
f 282// 283// 264//
f 284// 285// 286//
f 276// 287// 277//
f 277// 287// 288//
f 277// 288// 289//
f 289// 288// 290//
f 289// 290// 291//
f 291// 290// 292//
f 291// 292// 293//
f 294// 295// 296//
f 296// 295// 297//
f 296// 297// 298//
f 299// 300// 282//
f 301// 302// 303//
f 303// 302// 304//
f 303// 304// 305//
f 298// 306// 296//
f 296// 306// 307//
f 296// 307// 308//
f 299// 282// 308//
f 280// 309// 310//
f 310// 311// 280//
f 280// 311// 312//
f 280// 312// 303//
f 303// 312// 313//
f 303// 313// 301//
f 300// 314// 282//
f 282// 314// 315//
f 282// 315// 316//
f 317// 318// 280//
f 280// 318// 319//
f 280// 319// 309//
f 316// 320// 282//
f 282// 320// 321//
f 282// 321// 280//
f 280// 321// 322//
f 280// 322// 317//
f 305// 323// 303//
f 303// 323// 324//
f 303// 324// 325//
f 325// 324// 326//
f 325// 326// 327//
f 327// 326// 328//
f 327// 328// 294//
f 329// 330// 331//
f 332// 333// 334//
f 335// 336// 337//
f 337// 336// 329//
f 337// 329// 338//
f 338// 329// 331//
f 339// 340// 341//
f 342// 343// 333//
f 333// 343// 344//
f 333// 344// 334//
f 345// 346// 334//
f 341// 340// 347//
f 347// 340// 348//
f 347// 348// 349//
f 333// 339// 350//
f 350// 339// 341//
f 350// 341// 335//
f 335// 341// 351//
f 335// 351// 336//
f 336// 351// 352//
f 336// 352// 353//
f 353// 354// 336//
f 336// 354// 355//
f 336// 355// 356//
f 357// 358// 359//
f 358// 360// 359//
f 359// 360// 361//
f 359// 361// 362//
f 350// 363// 333//
f 333// 363// 364//
f 333// 364// 365//
f 366// 367// 348//
f 348// 367// 368//
f 348// 368// 369//
f 370// 371// 372//
f 373// 334// 374//
f 374// 334// 375//
f 373// 376// 334//
f 334// 376// 377//
f 334// 377// 345//
f 346// 378// 334//
f 334// 378// 379//
f 334// 379// 380//
f 381// 382// 383//
f 383// 382// 384//
f 385// 386// 387//
f 387// 386// 382//
f 387// 382// 388//
f 388// 382// 381//
f 389// 390// 348//
f 348// 390// 391//
f 348// 391// 366//
f 392// 393// 394//
f 394// 393// 395//
f 396// 397// 398//
f 398// 397// 370//
f 398// 370// 399//
f 399// 370// 372//
f 396// 398// 394//
f 394// 398// 400//
f 394// 400// 401//
f 380// 402// 334//
f 334// 402// 403//
f 334// 403// 332//
f 365// 404// 333//
f 333// 404// 405//
f 333// 405// 342//
f 369// 406// 348//
f 348// 406// 407//
f 348// 407// 349//
f 385// 387// 348//
f 348// 387// 408//
f 348// 408// 389//
f 356// 409// 336//
f 336// 409// 410//
f 336// 410// 394//
f 394// 410// 411//
f 394// 411// 392//
f 395// 412// 394//
f 394// 412// 413//
f 394// 413// 414//
f 401// 415// 394//
f 394// 415// 416//
f 394// 416// 359//
f 359// 416// 417//
f 359// 417// 357//
f 414// 418// 394//
f 394// 418// 419//
f 394// 419// 396//
f 362// 420// 359//
f 359// 420// 421//
f 359// 421// 422//
f 421// 423// 422//
f 422// 423// 424//
f 422// 424// 425//
f 425// 424// 426//
f 425// 426// 329//
f 329// 426// 427//
f 329// 427// 330//
f 428// 429// 430//
f 431// 268// 432//
f 430// 429// 432//
f 432// 429// 433//
f 432// 433// 431//
f 431// 434// 268//
f 268// 434// 435//
f 268// 435// 293//
f 435// 436// 293//
f 293// 436// 437//
f 293// 437// 438//
f 438// 439// 293//
f 293// 439// 440//
f 293// 440// 441//
f 428// 289// 442//
f 442// 289// 291//
f 442// 291// 443//
f 443// 291// 293//
f 443// 293// 444//
f 444// 293// 441//
f 336// 445// 446//
f 446// 445// 447//
f 447// 445// 448//
f 447// 448// 449//
f 449// 448// 273//
f 449// 273// 450//
f 450// 273// 275//
f 450// 275// 451//
f 451// 275// 452//
f 451// 452// 453//
f 454// 455// 456//
f 456// 455// 457//
f 456// 457// 458//
f 458// 457// 459//
f 459// 457// 445//
f 459// 445// 460//
f 460// 445// 336//
f 460// 336// 461//
f 461// 336// 394//
f 461// 394// 462//
f 268// 270// 432//
f 432// 270// 463//
f 432// 463// 430//
f 430// 463// 464//
f 430// 464// 465//
f 465// 464// 466//
f 465// 466// 266//
f 266// 466// 467//
f 266// 467// 267//
f 468// 269// 469//
f 469// 269// 268//
f 469// 268// 285//
f 285// 268// 293//
f 285// 293// 286//
f 286// 293// 292//
f 470// 471// 472//
f 470// 472// 473//
f 275// 474// 475//
f 265// 476// 266//
f 266// 476// 477//
f 266// 477// 478//
f 479// 480// 275//
f 275// 480// 481//
f 275// 481// 474//
f 477// 482// 478//
f 478// 482// 483//
f 478// 483// 471//
f 471// 483// 484//
f 471// 484// 472//
f 485// 486// 472//
f 472// 486// 487//
f 472// 487// 473//
f 428// 430// 289//
f 289// 430// 465//
f 289// 465// 277//
f 277// 465// 266//
f 277// 266// 275//
f 275// 266// 478//
f 275// 478// 479//
f 488// 489// 490//
f 490// 489// 491//
f 490// 491// 492//
f 493// 494// 495//
f 495// 494// 496//
f 495// 496// 497//
f 495// 498// 493//
f 493// 498// 499//
f 493// 499// 472//
f 472// 499// 500//
f 472// 500// 485//
f 475// 501// 275//
f 275// 501// 502//
f 275// 502// 452//
f 452// 502// 503//
f 452// 503// 504//
f 497// 505// 495//
f 495// 505// 506//
f 495// 506// 507//
f 504// 508// 452//
f 452// 508// 509//
f 452// 509// 510//
f 492// 511// 490//
f 490// 511// 512//
f 490// 512// 513//
f 507// 506// 514//
f 514// 506// 515//
f 514// 515// 516//
f 513// 517// 490//
f 490// 517// 518//
f 490// 518// 519//
f 510// 520// 452//
f 452// 520// 521//
f 452// 521// 522//
f 522// 488// 452//
f 452// 488// 490//
f 452// 490// 267//
f 267// 490// 523//
f 267// 523// 265//
f 467// 425// 267//
f 267// 425// 329//
f 267// 329// 452//
f 452// 329// 336//
f 452// 336// 453//
f 453// 336// 446//
f 422// 524// 359//
f 359// 524// 525//
f 359// 525// 394//
f 394// 525// 454//
f 394// 454// 462//
f 462// 454// 456//
f 526// 527// 528//
f 308// 282// 296//
f 296// 282// 264//
f 296// 264// 529//
f 529// 264// 263//
f 529// 263// 530//
f 530// 526// 529//
f 529// 526// 528//
f 529// 528// 531//
f 531// 528// 532//
f 531// 532// 533//
f 271// 533// 534//
f 535// 536// 534//
f 534// 536// 262//
f 534// 262// 271//
f 271// 262// 264//
f 271// 264// 272//
f 272// 264// 283//
f 533// 271// 531//
f 531// 271// 273//
f 531// 273// 537//
f 537// 273// 448//
f 537// 448// 538//
f 538// 448// 445//
f 538// 445// 539//
f 539// 445// 457//
f 539// 457// 540//
f 540// 457// 455//
f 540// 455// 541//
f 286// 278// 284//
f 284// 278// 280//
f 284// 280// 542//
f 542// 280// 303//
f 542// 303// 543//
f 543// 303// 325//
f 294// 296// 327//
f 327// 296// 529//
f 327// 529// 544//
f 544// 529// 531//
f 544// 531// 545//
f 545// 531// 537//
f 545// 537// 546//
f 546// 537// 538//
f 546// 538// 547//
f 547// 538// 539//
f 547// 539// 548//
f 548// 539// 540//
f 548// 540// 549//
f 549// 540// 541//
f 549// 541// 550//
f 551// 552// 553//
f 553// 552// 554//
f 555// 556// 557//
f 558// 559// 560//
f 560// 559// 561//
f 560// 561// 562//
f 562// 561// 563//
f 564// 565// 563//
f 563// 565// 566//
f 563// 566// 567//
f 568// 569// 567//
f 567// 569// 570//
f 567// 570// 563//
f 563// 570// 555//
f 563// 555// 562//
f 562// 555// 557//
f 571// 572// 573//
f 573// 572// 574//
f 575// 576// 577//
f 578// 579// 580//
f 577// 578// 575//
f 575// 578// 580//
f 575// 580// 581//
f 581// 580// 582//
f 581// 582// 583//
f 583// 582// 584//
f 585// 586// 587//
f 587// 586// 580//
f 587// 580// 588//
f 588// 580// 579//
f 588// 579// 589//
f 589// 579// 590//
f 558// 254// 559//
f 559// 254// 591//
f 558// 557// 254//
f 254// 557// 556//
f 254// 556// 163//
f 163// 556// 569//
f 163// 569// 568//
f 568// 565// 163//
f 163// 565// 564//
f 163// 564// 592//
f 131// 130// 593//
f 594// 245// 571//
f 571// 245// 131//
f 571// 131// 572//
f 572// 131// 593//
f 595// 146// 554//
f 554// 146// 181//
f 554// 181// 553//
f 553// 181// 183//
f 553// 183// 596//
f 585// 134// 586//
f 586// 134// 597//
f 585// 589// 134//
f 134// 589// 590//
f 134// 590// 137//
f 137// 590// 577//
f 137// 577// 576//
f 576// 583// 137//
f 137// 583// 584//
f 137// 584// 598//
f 599// 597// 134//
f 599// 134// 600//
f 134// 190// 600//
f 600// 190// 145//
f 600// 145// 601//
f 601// 145// 602//
f 145// 150// 602//
f 602// 150// 152//
f 602// 152// 603//
f 603// 152// 153//
f 603// 153// 604//
f 153// 151// 604//
f 604// 151// 149//
f 604// 149// 605//
f 605// 149// 148//
f 605// 148// 606//
f 606// 148// 147//
f 606// 147// 607//
f 607// 147// 146//
f 607// 146// 595//
f 554// 552// 595//
f 595// 552// 608//
f 595// 608// 607//
f 607// 608// 606//
f 606// 608// 609//
f 606// 609// 605//
f 605// 609// 604//
f 604// 609// 610//
f 604// 610// 603//
f 603// 610// 602//
f 602// 610// 611//
f 602// 611// 601//
f 601// 611// 600//
f 600// 611// 612//
f 600// 612// 599//
f 580// 586// 612//
f 612// 586// 597//
f 612// 597// 599//
f 613// 596// 183//
f 613// 183// 614//
f 183// 184// 614//
f 614// 184// 175//
f 614// 175// 615//
f 615// 175// 616//
f 175// 174// 616//
f 616// 174// 205//
f 616// 205// 617//
f 617// 205// 204//
f 617// 204// 618//
f 204// 201// 618//
f 618// 201// 200//
f 618// 200// 619//
f 619// 200// 199//
f 619// 199// 620//
f 620// 199// 180//
f 620// 180// 621//
f 621// 180// 163//
f 621// 163// 592//
f 552// 622// 623//
f 624// 625// 626//
f 543// 627// 628//
f 626// 625// 543//
f 629// 543// 625//
f 629// 625// 630//
f 630// 625// 624//
f 630// 624// 631//
f 632// 543// 629//
f 633// 634// 635//
f 635// 634// 628//
f 635// 628// 636//
f 636// 628// 627//
f 636// 627// 637//
f 632// 629// 638//
f 638// 629// 630//
f 638// 630// 639//
f 639// 630// 631//
f 639// 631// 640//
f 641// 633// 642//
f 642// 633// 635//
f 642// 635// 643//
f 643// 635// 636//
f 643// 636// 644//
f 644// 636// 637//
f 644// 637// 645//
f 646// 641// 647//
f 647// 641// 642//
f 647// 642// 648//
f 648// 642// 643//
f 648// 643// 649//
f 649// 643// 644//
f 649// 644// 650//
f 650// 644// 645//
f 650// 645// 651//
f 622// 646// 623//
f 623// 646// 647//
f 623// 647// 652//
f 652// 647// 648//
f 652// 648// 653//
f 653// 648// 649//
f 653// 649// 654//
f 654// 649// 650//
f 654// 650// 655//
f 655// 650// 651//
f 655// 651// 656//
f 552// 623// 608//
f 608// 623// 652//
f 608// 652// 609//
f 609// 652// 653//
f 609// 653// 610//
f 610// 653// 654//
f 610// 654// 611//
f 611// 654// 655//
f 611// 655// 612//
f 612// 655// 656//
f 612// 656// 580//
f 634// 543// 628//
f 622// 640// 646//
f 646// 640// 631//
f 646// 631// 641//
f 641// 631// 624//
f 641// 624// 633//
f 633// 624// 626//
f 633// 626// 634//
f 634// 626// 543//
f 657// 593// 130//
f 657// 130// 658//
f 130// 144// 658//
f 658// 144// 143//
f 658// 143// 659//
f 659// 143// 660//
f 143// 141// 660//
f 660// 141// 139//
f 660// 139// 661//
f 661// 139// 138//
f 661// 138// 662//
f 138// 140// 662//
f 662// 140// 142//
f 662// 142// 663//
f 663// 142// 136//
f 663// 136// 664//
f 664// 136// 135//
f 664// 135// 665//
f 665// 135// 137//
f 665// 137// 598//
f 564// 563// 592//
f 592// 563// 666//
f 592// 666// 621//
f 621// 666// 620//
f 620// 666// 667//
f 620// 667// 619//
f 619// 667// 618//
f 618// 667// 668//
f 618// 668// 617//
f 617// 668// 616//
f 616// 668// 669//
f 616// 669// 615//
f 615// 669// 614//
f 614// 669// 670//
f 614// 670// 613//
f 551// 553// 670//
f 670// 553// 596//
f 670// 596// 613//
f 468// 469// 671//
f 671// 469// 285//
f 285// 284// 632//
f 632// 284// 542//
f 632// 542// 543//
f 285// 632// 671//
f 671// 632// 638//
f 671// 638// 672//
f 672// 638// 639//
f 672// 639// 673//
f 673// 639// 640//
f 673// 640// 674//
f 674// 640// 622//
f 674// 622// 675//
f 675// 622// 552//
f 675// 552// 551//
f 627// 543// 325//
f 325// 544// 627//
f 627// 544// 545//
f 627// 545// 676//
f 550// 677// 678//
f 678// 677// 676//
f 676// 677// 627//
f 627// 677// 679//
f 627// 679// 637//
f 637// 679// 680//
f 637// 680// 645//
f 645// 680// 681//
f 645// 681// 651//
f 651// 681// 682//
f 651// 682// 656//
f 656// 682// 582//
f 656// 582// 580//
f 584// 582// 598//
f 598// 582// 683//
f 598// 683// 665//
f 665// 683// 664//
f 664// 683// 684//
f 664// 684// 663//
f 663// 684// 662//
f 662// 684// 685//
f 662// 685// 661//
f 661// 685// 660//
f 660// 685// 686//
f 660// 686// 659//
f 659// 686// 658//
f 658// 686// 687//
f 658// 687// 657//
f 574// 572// 687//
f 687// 572// 593//
f 687// 593// 657//
f 563// 688// 689//
f 690// 691// 692//
f 468// 671// 693//
f 692// 691// 468//
f 694// 468// 691//
f 694// 691// 695//
f 695// 691// 690//
f 695// 690// 696//
f 697// 468// 694//
f 698// 699// 700//
f 700// 699// 693//
f 700// 693// 701//
f 701// 693// 671//
f 701// 671// 672//
f 697// 694// 702//
f 702// 694// 695//
f 702// 695// 703//
f 703// 695// 696//
f 703// 696// 704//
f 705// 698// 706//
f 706// 698// 700//
f 706// 700// 707//
f 707// 700// 701//
f 707// 701// 708//
f 708// 701// 672//
f 708// 672// 673//
f 709// 705// 710//
f 710// 705// 706//
f 710// 706// 711//
f 711// 706// 707//
f 711// 707// 712//
f 712// 707// 708//
f 712// 708// 713//
f 713// 708// 673//
f 713// 673// 674//
f 688// 709// 689//
f 689// 709// 710//
f 689// 710// 714//
f 714// 710// 711//
f 714// 711// 715//
f 715// 711// 712//
f 715// 712// 716//
f 716// 712// 713//
f 716// 713// 717//
f 717// 713// 674//
f 717// 674// 675//
f 563// 689// 666//
f 666// 689// 714//
f 666// 714// 667//
f 667// 714// 715//
f 667// 715// 668//
f 668// 715// 716//
f 668// 716// 669//
f 669// 716// 717//
f 669// 717// 670//
f 670// 717// 675//
f 670// 675// 551//
f 699// 468// 693//
f 688// 704// 709//
f 709// 704// 696//
f 709// 696// 705//
f 705// 696// 690//
f 705// 690// 698//
f 698// 690// 692//
f 698// 692// 699//
f 699// 692// 468//
f 582// 682// 718//
f 719// 720// 721//
f 550// 722// 723//
f 721// 720// 550//
f 724// 550// 720//
f 724// 720// 725//
f 725// 720// 719//
f 725// 719// 726//
f 677// 550// 724//
f 727// 728// 729//
f 729// 728// 723//
f 729// 723// 730//
f 730// 723// 722//
f 730// 722// 731//
f 677// 724// 679//
f 679// 724// 725//
f 679// 725// 680//
f 680// 725// 726//
f 680// 726// 681//
f 732// 727// 733//
f 733// 727// 729//
f 733// 729// 734//
f 734// 729// 730//
f 734// 730// 735//
f 735// 730// 731//
f 735// 731// 736//
f 737// 732// 738//
f 738// 732// 733//
f 738// 733// 739//
f 739// 733// 734//
f 739// 734// 740//
f 740// 734// 735//
f 740// 735// 741//
f 741// 735// 736//
f 741// 736// 742//
f 682// 737// 718//
f 718// 737// 738//
f 718// 738// 743//
f 743// 738// 739//
f 743// 739// 744//
f 744// 739// 740//
f 744// 740// 745//
f 745// 740// 741//
f 745// 741// 746//
f 746// 741// 742//
f 746// 742// 747//
f 582// 718// 683//
f 683// 718// 743//
f 683// 743// 684//
f 684// 743// 744//
f 684// 744// 685//
f 685// 744// 745//
f 685// 745// 686//
f 686// 745// 746//
f 686// 746// 687//
f 687// 746// 747//
f 687// 747// 574//
f 728// 550// 723//
f 682// 681// 737//
f 737// 681// 726//
f 737// 726// 732//
f 732// 726// 719//
f 732// 719// 727//
f 727// 719// 721//
f 727// 721// 728//
f 728// 721// 550//
f 524// 748// 749//
f 749// 748// 750//
f 750// 464// 697//
f 464// 463// 697//
f 697// 463// 269//
f 697// 269// 468//
f 750// 697// 749//
f 749// 697// 702//
f 749// 702// 751//
f 751// 702// 703//
f 751// 703// 752//
f 752// 703// 704//
f 752// 704// 753//
f 753// 704// 688//
f 753// 688// 754//
f 754// 688// 563//
f 754// 563// 561//
f 550// 541// 722//
f 722// 541// 455//
f 722// 455// 454//
f 524// 755// 525//
f 525// 755// 454//
f 454// 755// 722//
f 722// 755// 756//
f 722// 756// 731//
f 731// 756// 757//
f 731// 757// 736//
f 736// 757// 758//
f 736// 758// 742//
f 742// 758// 759//
f 742// 759// 747//
f 747// 759// 573//
f 747// 573// 574//
f 573// 759// 760//
f 761// 762// 763//
f 524// 749// 764//
f 763// 762// 524//
f 765// 524// 762//
f 765// 762// 766//
f 766// 762// 761//
f 766// 761// 767//
f 755// 524// 765//
f 768// 769// 770//
f 770// 769// 764//
f 770// 764// 771//
f 771// 764// 749//
f 771// 749// 751//
f 755// 765// 756//
f 756// 765// 766//
f 756// 766// 757//
f 757// 766// 767//
f 757// 767// 758//
f 772// 768// 773//
f 773// 768// 770//
f 773// 770// 774//
f 774// 770// 771//
f 774// 771// 775//
f 775// 771// 751//
f 775// 751// 752//
f 776// 772// 777//
f 777// 772// 773//
f 777// 773// 778//
f 778// 773// 774//
f 778// 774// 779//
f 779// 774// 775//
f 779// 775// 780//
f 780// 775// 752//
f 780// 752// 753//
f 759// 776// 760//
f 760// 776// 777//
f 760// 777// 781//
f 781// 777// 778//
f 781// 778// 782//
f 782// 778// 779//
f 782// 779// 783//
f 783// 779// 780//
f 783// 780// 784//
f 784// 780// 753//
f 784// 753// 754//
f 573// 760// 785//
f 785// 760// 781//
f 785// 781// 786//
f 786// 781// 782//
f 786// 782// 787//
f 787// 782// 783//
f 787// 783// 788//
f 788// 783// 784//
f 788// 784// 789//
f 789// 784// 754//
f 789// 754// 561//
f 769// 524// 764//
f 759// 758// 776//
f 776// 758// 767//
f 776// 767// 772//
f 772// 767// 761//
f 772// 761// 768//
f 768// 761// 763//
f 768// 763// 769//
f 769// 763// 524//
f 571// 573// 594//
f 594// 573// 785//
f 594// 785// 790//
f 790// 785// 791//
f 791// 785// 786//
f 791// 786// 792//
f 792// 786// 793//
f 793// 786// 787//
f 793// 787// 794//
f 794// 787// 795//
f 795// 787// 788//
f 795// 788// 796//
f 796// 788// 797//
f 797// 788// 789//
f 797// 789// 798//
f 561// 559// 789//
f 789// 559// 591//
f 789// 591// 798//
f 259// 258// 793//
f 793// 258// 792//
f 792// 258// 257//
f 792// 257// 791//
f 791// 257// 246//
f 791// 246// 790//
f 790// 246// 245//
f 790// 245// 594//
f 259// 793// 260//
f 260// 793// 794//
f 260// 794// 261//
f 261// 794// 795//
f 261// 795// 240//
f 797// 255// 241//
f 240// 795// 241//
f 241// 795// 796//
f 241// 796// 797//
f 255// 797// 254//
f 254// 797// 798//
f 254// 798// 591//
f 91// 121// 93//
f 93// 121// 799//
f 93// 799// 800//
f 89// 88// 801//
f 801// 802// 89//
f 89// 802// 803//
f 89// 803// 804//
f 804// 805// 89//
f 89// 805// 806//
f 89// 806// 119//
f 807// 808// 809//
f 810// 811// 812//
f 812// 811// 813//
f 813// 811// 809//
f 809// 811// 814//
f 809// 814// 807//
f 97// 115// 98//
f 98// 115// 117//
f 808// 815// 809//
f 809// 815// 98//
f 809// 98// 816//
f 816// 98// 117//
f 817// 818// 819//
f 92// 93// 800//
f 820// 821// 819//
f 819// 821// 822//
f 819// 822// 817//
f 820// 823// 821//
f 821// 823// 824//
f 821// 824// 825//
f 825// 824// 800//
f 85// 87// 118//
f 118// 92// 85//
f 85// 92// 800//
f 85// 800// 826//
f 826// 800// 824//
f 827// 828// 829//
f 827// 829// 818//
f 818// 829// 830//
f 818// 830// 819//
f 286// 292// 828//
f 828// 292// 288//
f 828// 288// 829//
f 829// 288// 287//
f 829// 287// 276//
f 831// 278// 286//
f 800// 799// 825//
f 825// 799// 96//
f 814// 822// 807//
f 807// 822// 821//
f 807// 821// 808//
f 808// 821// 825//
f 808// 825// 815//
f 815// 825// 96//
f 815// 96// 98//
f 831// 286// 832//
f 286// 828// 832//
f 832// 828// 827//
f 832// 827// 811//
f 811// 827// 818//
f 811// 818// 814//
f 814// 818// 817//
f 814// 817// 822//
f 86// 85// 826//
f 820// 812// 813//
f 816// 117// 116//
f 820// 813// 823//
f 823// 813// 809//
f 823// 809// 824//
f 824// 809// 816//
f 824// 816// 826//
f 826// 816// 116//
f 826// 116// 86//
f 812// 820// 810//
f 810// 820// 819//
f 810// 819// 833//
f 833// 819// 830//
f 833// 830// 834//
f 834// 830// 274//
f 274// 830// 829//
f 274// 829// 276//
f 274// 272// 834//
f 834// 272// 283//
f 834// 283// 831//
f 831// 283// 279//
f 831// 279// 278//
f 832// 811// 810//
f 832// 810// 831//
f 831// 810// 833//
f 831// 833// 834//
usemtl 2
f 835// 836// 837//
f 837// 836// 838//
f 837// 838// 839//
f 839// 838// 840//
f 839// 840// 841//
f 841// 840// 842//
f 841// 842// 843//
f 844// 845// 846//
f 846// 845// 847//
f 846// 847// 848//
f 848// 847// 849//
f 848// 849// 850//
f 850// 849// 835//
f 850// 835// 851//
f 851// 835// 837//
f 846// 852// 844//
f 844// 852// 853//
f 844// 853// 854//
f 854// 853// 855//
f 854// 855// 856//
f 856// 855// 857//
f 856// 857// 858//
f 858// 857// 859//
f 858// 859// 860//
f 860// 859// 861//
f 860// 861// 862//
f 862// 861// 863//
f 862// 863// 864//
f 864// 863// 865//
f 864// 865// 866//
f 866// 865// 867//
f 866// 867// 868//
f 868// 867// 869//
f 868// 869// 870//
f 870// 869// 871//
f 871// 869// 872//
f 871// 872// 873//
f 842// 874// 843//
f 843// 874// 875//
f 843// 875// 876//
f 876// 875// 877//
f 876// 877// 878//
f 878// 877// 879//
f 878// 879// 880//
f 880// 879// 881//
f 880// 881// 882//
f 882// 881// 883//
f 882// 883// 884//
f 884// 883// 885//
f 884// 885// 886//
f 886// 885// 887//
f 886// 887// 888//
f 888// 887// 889//
f 888// 889// 890//
f 890// 889// 873//
f 890// 873// 891//
f 891// 873// 872//
f 885// 314// 300//
f 885// 300// 887//
f 887// 300// 299//
f 887// 299// 889//
f 889// 299// 308//
f 889// 308// 873//
f 877// 321// 320//
f 877// 320// 879//
f 879// 320// 316//
f 879// 316// 881//
f 881// 316// 315//
f 881// 315// 883//
f 883// 315// 314//
f 883// 314// 885//
f 838// 309// 319//
f 838// 319// 840//
f 840// 319// 318//
f 840// 318// 842//
f 842// 318// 317//
f 842// 317// 874//
f 874// 317// 322//
f 874// 322// 875//
f 875// 322// 321//
f 875// 321// 877//
f 849// 312// 311//
f 849// 311// 835//
f 835// 311// 310//
f 835// 310// 836//
f 836// 310// 309//
f 836// 309// 838//
f 854// 304// 302//
f 854// 302// 844//
f 844// 302// 301//
f 844// 301// 845//
f 845// 301// 313//
f 845// 313// 847//
f 847// 313// 312//
f 847// 312// 849//
f 860// 326// 858//
f 858// 326// 324//
f 324// 323// 858//
f 858// 323// 305//
f 858// 305// 856//
f 856// 305// 304//
f 856// 304// 854//
f 295// 866// 297//
f 297// 866// 868//
f 297// 868// 298//
f 294// 862// 295//
f 295// 862// 864//
f 295// 864// 866//
f 294// 328// 862//
f 862// 328// 326//
f 862// 326// 860//
f 873// 308// 307//
f 873// 307// 871//
f 871// 307// 306//
f 871// 306// 870//
f 870// 306// 298//
f 870// 298// 868//
f 861// 892// 893//
f 861// 893// 863//
f 863// 893// 894//
f 863// 894// 865//
f 865// 894// 895//
f 865// 895// 867//
f 867// 895// 896//
f 867// 896// 869//
f 869// 896// 897//
f 869// 897// 872//
f 872// 897// 898//
f 872// 898// 891//
f 891// 898// 899//
f 891// 899// 890//
f 890// 899// 900//
f 890// 900// 888//
f 888// 900// 901//
f 888// 901// 886//
f 886// 901// 902//
f 886// 902// 884//
f 884// 902// 903//
f 884// 903// 882//
f 882// 903// 904//
f 882// 904// 880//
f 880// 904// 905//
f 880// 905// 878//
f 878// 905// 906//
f 878// 906// 876//
f 876// 906// 907//
f 876// 907// 843//
f 843// 907// 908//
f 843// 908// 841//
f 841// 908// 909//
f 841// 909// 839//
f 839// 909// 910//
f 839// 910// 837//
f 837// 910// 911//
f 837// 911// 851//
f 851// 911// 912//
f 851// 912// 850//
f 850// 912// 913//
f 850// 913// 848//
f 848// 913// 914//
f 848// 914// 846//
f 846// 914// 915//
f 846// 915// 852//
f 852// 915// 916//
f 852// 916// 853//
f 853// 916// 917//
f 853// 917// 855//
f 855// 917// 918//
f 855// 918// 857//
f 857// 918// 919//
f 857// 919// 859//
f 859// 919// 892//
f 859// 892// 861//
usemtl 1
f 906// 905// 912//
f 915// 914// 898//
f 901// 900// 912//
f 901// 912// 902//
f 914// 913// 898//
f 898// 913// 912//
f 898// 912// 899//
f 899// 912// 900//
f 892// 919// 898//
f 898// 919// 918//
f 910// 909// 911//
f 911// 909// 908//
f 911// 908// 912//
f 912// 908// 907//
f 912// 907// 906//
f 905// 904// 912//
f 912// 904// 903//
f 912// 903// 902//
f 896// 895// 897//
f 897// 895// 894//
f 897// 894// 898//
f 898// 894// 893//
f 898// 893// 892//
f 918// 917// 898//
f 898// 917// 916//
f 898// 916// 915//
usemtl 2
f 920// 921// 527//
f 527// 921// 528//
f 921// 922// 528//
f 528// 922// 532//
f 922// 923// 532//
f 532// 923// 533//
f 923// 924// 533//
f 533// 924// 534//
f 924// 925// 534//
f 534// 925// 535//
f 925// 926// 535//
f 535// 926// 536//
f 926// 927// 536//
f 536// 927// 262//
f 927// 928// 262//
f 262// 928// 263//
f 928// 929// 263//
f 263// 929// 530//
f 929// 930// 530//
f 530// 930// 526//
f 930// 920// 526//
f 526// 920// 527//
f 922// 921// 923//
f 923// 921// 920//
f 928// 927// 929//
f 929// 927// 926//
f 929// 926// 930//
f 930// 926// 925//
f 930// 925// 920//
f 920// 925// 924//
f 920// 924// 923//
f 931// 932// 339//
f 339// 932// 340//
f 932// 933// 340//
f 340// 933// 348//
f 934// 388// 381//
f 934// 381// 935//
f 935// 381// 383//
f 935// 383// 936//
f 936// 383// 384//
f 936// 384// 937//
f 937// 384// 382//
f 937// 382// 938//
f 938// 382// 386//
f 938// 386// 939//
f 939// 386// 385//
f 939// 385// 940//
f 940// 385// 348//
f 940// 348// 933//
f 941// 367// 366//
f 941// 366// 942//
f 942// 366// 391//
f 942// 391// 943//
f 943// 391// 390//
f 943// 390// 944//
f 944// 390// 389//
f 944// 389// 945//
f 945// 389// 408//
f 945// 408// 946//
f 946// 408// 387//
f 946// 387// 947//
f 947// 387// 388//
f 947// 388// 934//
f 948// 341// 347//
f 948// 347// 949//
f 949// 347// 349//
f 949// 349// 950//
f 950// 349// 407//
f 950// 407// 951//
f 951// 407// 406//
f 951// 406// 952//
f 952// 406// 369//
f 952// 369// 953//
f 953// 369// 368//
f 953// 368// 954//
f 954// 368// 367//
f 954// 367// 941//
f 948// 955// 341//
f 341// 955// 351//
f 956// 355// 354//
f 956// 354// 957//
f 957// 354// 353//
f 957// 353// 958//
f 958// 353// 352//
f 958// 352// 959//
f 959// 352// 351//
f 959// 351// 955//
f 960// 410// 409//
f 960// 409// 961//
f 961// 409// 356//
f 961// 356// 962//
f 962// 356// 355//
f 962// 355// 956//
f 963// 414// 413//
f 963// 413// 964//
f 964// 413// 412//
f 964// 412// 965//
f 965// 412// 395//
f 965// 395// 966//
f 966// 395// 393//
f 966// 393// 967//
f 967// 393// 392//
f 967// 392// 968//
f 968// 392// 411//
f 968// 411// 969//
f 969// 411// 410//
f 969// 410// 960//
f 970// 371// 370//
f 970// 370// 971//
f 971// 370// 397//
f 971// 397// 972//
f 972// 397// 396//
f 972// 396// 973//
f 973// 396// 419//
f 973// 419// 974//
f 974// 419// 418//
f 974// 418// 975//
f 975// 418// 414//
f 975// 414// 963//
f 970// 976// 371//
f 371// 976// 372//
f 977// 417// 416//
f 977// 416// 978//
f 978// 416// 415//
f 978// 415// 979//
f 979// 415// 401//
f 979// 401// 980//
f 980// 401// 400//
f 980// 400// 981//
f 981// 400// 398//
f 981// 398// 982//
f 982// 398// 399//
f 982// 399// 983//
f 983// 399// 372//
f 983// 372// 976//
f 984// 361// 360//
f 984// 360// 985//
f 985// 360// 358//
f 985// 358// 986//
f 986// 358// 357//
f 986// 357// 987//
f 987// 357// 417//
f 987// 417// 977//
f 988// 989// 421//
f 421// 989// 423//
f 421// 420// 988//
f 988// 420// 362//
f 988// 362// 990//
f 990// 362// 361//
f 990// 361// 984//
f 991// 427// 426//
f 991// 426// 992//
f 992// 426// 424//
f 992// 424// 993//
f 993// 424// 423//
f 993// 423// 989//
f 994// 335// 337//
f 994// 337// 995//
f 995// 337// 338//
f 995// 338// 996//
f 996// 338// 331//
f 996// 331// 997//
f 997// 331// 330//
f 997// 330// 998//
f 998// 330// 427//
f 998// 427// 991//
f 994// 999// 335//
f 335// 999// 350//
f 1000// 344// 343//
f 1000// 343// 1001//
f 1001// 343// 342//
f 1001// 342// 1002//
f 1002// 342// 405//
f 1002// 405// 1003//
f 1003// 405// 404//
f 1003// 404// 1004//
f 1004// 404// 365//
f 1004// 365// 1005//
f 1005// 365// 364//
f 1005// 364// 1006//
f 1006// 364// 363//
f 1006// 363// 1007//
f 1007// 363// 350//
f 1007// 350// 999//
f 1008// 345// 377//
f 1008// 377// 1009//
f 1009// 377// 376//
f 1009// 376// 1010//
f 1010// 376// 373//
f 1010// 373// 1011//
f 1011// 373// 374//
f 1011// 374// 1012//
f 1012// 374// 375//
f 1012// 375// 1013//
f 1013// 375// 334//
f 1013// 334// 1014//
f 1014// 334// 344//
f 1014// 344// 1000//
f 1015// 333// 332//
f 1015// 332// 1016//
f 1016// 332// 403//
f 1016// 403// 1017//
f 1017// 403// 402//
f 1017// 402// 1018//
f 1018// 402// 380//
f 1018// 380// 1019//
f 1019// 380// 379//
f 1019// 379// 1020//
f 1020// 379// 378//
f 1020// 378// 1021//
f 1021// 378// 346//
f 1021// 346// 1022//
f 1022// 346// 345//
f 1022// 345// 1008//
f 1015// 931// 333//
f 333// 931// 339//
f 939// 940// 1017//
f 935// 936// 970//
f 970// 936// 937//
f 970// 937// 976//
f 1009// 1010// 985//
f 1005// 1006// 995//
f 995// 1006// 994//
f 994// 1006// 1007//
f 994// 1007// 999//
f 939// 1017// 938//
f 932// 931// 933//
f 933// 931// 1015//
f 933// 1015// 940//
f 940// 1015// 1016//
f 940// 1016// 1017//
f 955// 948// 959//
f 959// 948// 949//
f 959// 949// 958//
f 958// 949// 950//
f 958// 950// 957//
f 957// 950// 951//
f 957// 951// 956//
f 956// 951// 962//
f 985// 1010// 984//
f 984// 1010// 1011//
f 984// 1011// 990//
f 990// 1011// 1012//
f 990// 1012// 988//
f 988// 1012// 1013//
f 988// 1013// 989//
f 937// 938// 976//
f 976// 938// 1017//
f 976// 1017// 983//
f 983// 1017// 1018//
f 983// 1018// 982//
f 982// 1018// 1019//
f 982// 1019// 981//
f 981// 1019// 1020//
f 985// 986// 1009//
f 1009// 986// 987//
f 1009// 987// 1008//
f 1008// 987// 977//
f 1008// 977// 1022//
f 1022// 977// 978//
f 1022// 978// 1021//
f 1021// 978// 979//
f 1021// 979// 1020//
f 1020// 979// 980//
f 1020// 980// 981//
f 995// 996// 1005//
f 1005// 996// 997//
f 1005// 997// 1004//
f 1004// 997// 998//
f 1004// 998// 1003//
f 1003// 998// 991//
f 1003// 991// 1002//
f 1002// 991// 992//
f 1002// 992// 1001//
f 1001// 992// 993//
f 1001// 993// 1000//
f 1000// 993// 989//
f 1000// 989// 1014//
f 1014// 989// 1013//
f 951// 952// 962//
f 962// 952// 953//
f 962// 953// 961//
f 961// 953// 954//
f 961// 954// 960//
f 960// 954// 941//
f 960// 941// 969//
f 969// 941// 942//
f 969// 942// 968//
f 968// 942// 943//
f 968// 943// 967//
f 967// 943// 944//
f 967// 944// 966//
f 966// 944// 945//
f 966// 945// 965//
f 965// 945// 946//
f 965// 946// 964//
f 964// 946// 947//
f 964// 947// 963//
f 963// 947// 934//
f 963// 934// 975//
f 935// 970// 934//
f 934// 970// 971//
f 934// 971// 972//
f 972// 973// 934//
f 934// 973// 974//
f 934// 974// 975//
f 1023// 1024// 471//
f 471// 1024// 478//
f 1025// 474// 481//
f 1025// 481// 1026//
f 1026// 481// 480//
f 1026// 480// 1027//
f 1027// 480// 479//
f 1027// 479// 1028//
f 1028// 479// 478//
f 1028// 478// 1024//
f 1029// 502// 501//
f 1029// 501// 1030//
f 1030// 501// 475//
f 1030// 475// 1031//
f 1031// 475// 474//
f 1031// 474// 1025//
f 1032// 521// 520//
f 1032// 520// 1033//
f 1033// 520// 510//
f 1033// 510// 1034//
f 1034// 510// 509//
f 1034// 509// 1035//
f 1035// 509// 508//
f 1035// 508// 1036//
f 1036// 508// 504//
f 1036// 504// 1037//
f 1037// 504// 503//
f 1037// 503// 1038//
f 1038// 503// 502//
f 1038// 502// 1029//
f 1039// 511// 492//
f 1039// 492// 1040//
f 1040// 492// 491//
f 1040// 491// 1041//
f 1041// 491// 489//
f 1041// 489// 1042//
f 1042// 489// 488//
f 1042// 488// 1043//
f 1043// 488// 522//
f 1043// 522// 1044//
f 1044// 522// 521//
f 1044// 521// 1032//
f 1039// 1045// 511//
f 511// 1045// 512//
f 1046// 519// 518//
f 1046// 518// 1047//
f 1047// 518// 517//
f 1047// 517// 1048//
f 1048// 517// 513//
f 1048// 513// 1049//
f 1049// 513// 512//
f 1049// 512// 1045//
f 1046// 1050// 519//
f 519// 1050// 490//
f 1050// 1051// 490//
f 490// 1051// 523//
f 1051// 1052// 523//
f 523// 1052// 265//
f 1053// 484// 483//
f 1053// 483// 1054//
f 1054// 483// 482//
f 1054// 482// 1055//
f 1055// 482// 477//
f 1055// 477// 1056//
f 1056// 477// 476//
f 1056// 476// 1057//
f 1057// 476// 265//
f 1057// 265// 1052//
f 1053// 1058// 484//
f 484// 1058// 472//
f 1059// 494// 493//
f 1059// 493// 1060//
f 1060// 493// 472//
f 1060// 472// 1058//
f 1061// 505// 497//
f 1061// 497// 1062//
f 1062// 497// 496//
f 1062// 496// 1063//
f 1063// 496// 494//
f 1063// 494// 1059//
f 1064// 498// 495//
f 1064// 495// 1065//
f 1065// 495// 507//
f 1065// 507// 1066//
f 1066// 507// 514//
f 1066// 514// 1067//
f 1067// 514// 516//
f 1067// 516// 1068//
f 1068// 516// 515//
f 1068// 515// 1069//
f 1069// 515// 506//
f 1069// 506// 1070//
f 1070// 506// 505//
f 1070// 505// 1061//
f 1023// 471// 470//
f 1023// 470// 1071//
f 1071// 470// 473//
f 1071// 473// 1072//
f 1072// 473// 487//
f 1072// 487// 1073//
f 1073// 487// 486//
f 1073// 486// 1074//
f 1074// 486// 485//
f 1074// 485// 1075//
f 1075// 485// 500//
f 1075// 500// 1076//
f 1076// 500// 499//
f 1076// 499// 1077//
f 1077// 499// 498//
f 1077// 498// 1064//
f 1051// 1050// 1052//
f 1052// 1050// 1046//
f 1052// 1046// 1057//
f 1057// 1046// 1047//
f 1057// 1047// 1056//
f 1073// 1074// 1025//
f 1056// 1047// 1055//
f 1055// 1047// 1048//
f 1055// 1048// 1054//
f 1054// 1048// 1049//
f 1054// 1049// 1053//
f 1053// 1049// 1045//
f 1053// 1045// 1058//
f 1058// 1045// 1039//
f 1058// 1039// 1060//
f 1060// 1039// 1040//
f 1060// 1040// 1059//
f 1059// 1040// 1041//
f 1059// 1041// 1063//
f 1063// 1041// 1042//
f 1063// 1042// 1062//
f 1025// 1074// 1031//
f 1031// 1074// 1075//
f 1031// 1075// 1030//
f 1030// 1075// 1076//
f 1030// 1076// 1029//
f 1024// 1023// 1028//
f 1028// 1023// 1071//
f 1073// 1025// 1072//
f 1072// 1025// 1026//
f 1072// 1026// 1071//
f 1071// 1026// 1027//
f 1071// 1027// 1028//
f 1042// 1043// 1062//
f 1062// 1043// 1044//
f 1062// 1044// 1061//
f 1061// 1044// 1032//
f 1061// 1032// 1070//
f 1070// 1032// 1033//
f 1070// 1033// 1069//
f 1069// 1033// 1034//
f 1069// 1034// 1068//
f 1068// 1034// 1035//
f 1068// 1035// 1067//
f 1067// 1035// 1036//
f 1067// 1036// 1066//
f 1066// 1036// 1037//
f 1066// 1037// 1065//
f 1065// 1037// 1038//
f 1065// 1038// 1064//
f 1064// 1038// 1029//
f 1064// 1029// 1077//
f 1077// 1029// 1076//
f 1078// 1079// 428//
f 428// 1079// 429//
f 1079// 1080// 429//
f 429// 1080// 431//
f 1080// 1081// 431//
f 431// 1081// 434//
f 1081// 1082// 434//
f 434// 1082// 435//
f 1082// 1083// 435//
f 435// 1083// 436//
f 1084// 439// 438//
f 1084// 438// 1085//
f 1085// 438// 437//
f 1085// 437// 1086//
f 1086// 437// 436//
f 1086// 436// 1083//
f 1087// 443// 444//
f 1087// 444// 1088//
f 1088// 444// 441//
f 1088// 441// 1089//
f 1089// 441// 440//
f 1089// 440// 1090//
f 1090// 440// 439//
f 1090// 439// 1084//
f 1087// 1078// 443//
f 443// 1078// 428//
f 1078// 1087// 1088//
f 1080// 1079// 1081//
f 1081// 1079// 1078//
f 1090// 1084// 1081//
f 1081// 1084// 1085//
f 1081// 1085// 1082//
f 1082// 1085// 1086//
f 1082// 1086// 1083//
f 1078// 1088// 1081//
f 1081// 1088// 1089//
f 1081// 1089// 1090//
usemtl 3
f 1091// 1092// 182//
f 182// 1092// 176//
f 1092// 1093// 176//
f 176// 1093// 154//
f 1093// 1094// 154//
f 154// 1094// 155//
f 1094// 1095// 155//
f 155// 1095// 156//
f 1095// 1096// 156//
f 156// 1096// 162//
f 1096// 1097// 162//
f 162// 1097// 161//
f 1097// 1098// 161//
f 161// 1098// 185//
f 1098// 1091// 185//
f 185// 1091// 182//
f 1099// 1095// 1100//
f 1100// 1095// 1094//
f 1101// 1098// 1099//
f 1099// 1098// 1097//
f 1099// 1097// 1095//
f 1095// 1097// 1096//
f 1101// 1102// 1098//
f 1098// 1102// 1103//
f 1098// 1103// 1091//
f 1091// 1103// 1104//
f 1091// 1104// 1105//
f 1105// 1106// 1091//
f 1091// 1106// 1100//
f 1091// 1100// 1092//
f 1092// 1100// 1094//
f 1092// 1094// 1093//
f 1099// 1100// 1107//
f 1107// 1100// 1108//
f 1101// 1099// 1109//
f 1109// 1099// 1107//
f 1101// 1109// 1110//
f 1101// 1110// 1102//
f 1102// 1110// 1111//
f 1102// 1111// 1103//
f 1104// 1103// 1112//
f 1112// 1103// 1111//
f 1104// 1112// 1113//
f 1104// 1113// 1105//
f 1105// 1113// 1114//
f 1105// 1114// 1106//
f 1100// 1106// 1108//
f 1108// 1106// 1114//
f 1115// 1116// 165//
f 165// 1116// 166//
f 1116// 1117// 166//
f 166// 1117// 172//
f 1117// 1118// 172//
f 172// 1118// 202//
f 1119// 177// 188//
f 1119// 188// 1120//
f 1120// 188// 189//
f 1120// 189// 1121//
f 1121// 189// 198//
f 1121// 198// 1122//
f 1122// 198// 197//
f 1122// 197// 1123//
f 1123// 197// 187//
f 1123// 187// 1124//
f 1124// 187// 186//
f 1124// 186// 1125//
f 1125// 186// 203//
f 1125// 203// 1126//
f 1126// 203// 202//
f 1126// 202// 1118//
f 1115// 165// 164//
f 1115// 164// 1127//
f 1127// 164// 158//
f 1127// 158// 1128//
f 1128// 158// 157//
f 1128// 157// 1129//
f 1129// 157// 160//
f 1129// 160// 1130//
f 1130// 160// 179//
f 1130// 179// 1131//
f 1131// 179// 178//
f 1131// 178// 1132//
f 1132// 178// 177//
f 1132// 177// 1119//
f 1132// 1119// 1133//
f 1133// 1119// 1120//
f 1133// 1120// 1134//
f 1134// 1120// 1121//
f 1134// 1121// 1135//
f 1135// 1121// 1122//
f 1135// 1122// 1136//
f 1136// 1122// 1123//
f 1136// 1123// 1137//
f 1137// 1123// 1124//
f 1137// 1124// 1138//
f 1138// 1124// 1125//
f 1138// 1125// 1139//
f 1139// 1125// 1126//
f 1139// 1126// 1140//
f 1140// 1126// 1118//
f 1140// 1118// 1141//
f 1141// 1118// 1117//
f 1141// 1117// 1142//
f 1142// 1117// 1116//
f 1142// 1116// 1143//
f 1143// 1116// 1115//
f 1143// 1115// 1144//
f 1144// 1115// 1127//
f 1144// 1127// 1145//
f 1145// 1127// 1128//
f 1145// 1128// 1146//
f 1146// 1128// 1129//
f 1146// 1129// 1147//
f 1147// 1129// 1130//
f 1147// 1130// 1148//
f 1148// 1130// 1131//
f 1148// 1131// 1149//
f 1149// 1131// 1132//
f 1149// 1132// 1133//
f 1140// 1141// 1150//
f 1150// 1141// 1151//
f 1140// 1150// 1152//
f 1140// 1152// 1139//
f 1139// 1152// 1153//
f 1139// 1153// 1138//
f 1138// 1153// 1154//
f 1138// 1154// 1137//
f 1137// 1154// 1155//
f 1137// 1155// 1136//
f 1136// 1155// 1156//
f 1136// 1156// 1135//
f 1135// 1156// 1157//
f 1135// 1157// 1134//
f 1134// 1157// 1158//
f 1134// 1158// 1133//
f 1133// 1158// 1159//
f 1133// 1159// 1149//
f 1149// 1159// 1160//
f 1149// 1160// 1148//
f 1148// 1160// 1161//
f 1148// 1161// 1147//
f 1147// 1161// 1162//
f 1147// 1162// 1146//
f 1146// 1162// 1163//
f 1146// 1163// 1145//
f 1145// 1163// 1164//
f 1145// 1164// 1144//
f 1144// 1164// 1165//
f 1144// 1165// 1143//
f 1142// 1143// 1166//
f 1166// 1143// 1165//
f 1141// 1142// 1151//
f 1151// 1142// 1166//
f 1167// 1168// 193//
f 193// 1168// 194//
f 1168// 1169// 194//
f 194// 1169// 195//
f 1169// 1170// 195//
f 195// 1170// 196//
f 1170// 1171// 196//
f 196// 1171// 171//
f 1171// 1172// 171//
f 171// 1172// 169//
f 1172// 1173// 169//
f 169// 1173// 167//
f 1173// 1174// 167//
f 167// 1174// 168//
f 1174// 1175// 168//
f 168// 1175// 170//
f 1175// 1176// 170//
f 170// 1176// 173//
f 1176// 1177// 173//
f 173// 1177// 191//
f 1177// 1178// 191//
f 191// 1178// 192//
f 1178// 1167// 192//
f 192// 1167// 193//
f 1169// 1168// 1167//
f 1167// 1178// 1169//
f 1169// 1178// 1177//
f 1169// 1177// 1170//
f 1172// 1171// 1173//
f 1173// 1171// 1170//
f 1173// 1170// 1174//
f 1174// 1170// 1177//
f 1174// 1177// 1175//
f 1175// 1177// 1176//
f 1179// 1180// 212//
f 212// 1180// 250//
f 1181// 256// 252//
f 1181// 252// 1182//
f 1182// 252// 251//
f 1182// 251// 1183//
f 1183// 251// 250//
f 1183// 250// 1180//
f 1184// 247// 239//
f 1184// 239// 1185//
f 1185// 239// 238//
f 1185// 238// 1186//
f 1186// 238// 237//
f 1186// 237// 1187//
f 1187// 237// 234//
f 1187// 234// 1188//
f 1188// 234// 235//
f 1188// 235// 1189//
f 1189// 235// 236//
f 1189// 236// 1190//
f 1190// 236// 256//
f 1190// 256// 1181//
f 1191// 128// 1192//
f 1192// 128// 127//
f 127// 243// 1192//
f 1192// 243// 233//
f 1192// 233// 1193//
f 1193// 233// 232//
f 1193// 232// 1194//
f 1194// 232// 231//
f 1194// 231// 1195//
f 1195// 231// 249//
f 1195// 249// 1196//
f 1196// 249// 248//
f 1196// 248// 1197//
f 1197// 248// 247//
f 1197// 247// 1184//
f 128// 1191// 132//
f 132// 1191// 1198//
f 132// 1198// 206//
f 206// 1198// 1199//
f 206// 1199// 207//
f 1199// 1200// 207//
f 207// 1200// 208//
f 1201// 209// 211//
f 1201// 211// 1202//
f 1202// 211// 208//
f 1202// 208// 1200//
f 1203// 219// 218//
f 1203// 218// 1204//
f 1204// 218// 217//
f 1204// 217// 1205//
f 1205// 217// 216//
f 1205// 216// 1206//
f 1206// 216// 215//
f 1206// 215// 1207//
f 1207// 215// 214//
f 1207// 214// 1208//
f 1208// 214// 213//
f 1208// 213// 1209//
f 1209// 213// 209//
f 1209// 209// 1201//
f 1210// 222// 224//
f 1210// 224// 1211//
f 1211// 224// 225//
f 1211// 225// 1212//
f 1212// 225// 223//
f 1212// 223// 1213//
f 1213// 223// 226//
f 1213// 226// 1214//
f 1214// 226// 221//
f 1214// 221// 1215//
f 1215// 221// 220//
f 1215// 220// 1216//
f 1216// 220// 219//
f 1216// 219// 1203//
f 1179// 212// 210//
f 1179// 210// 1217//
f 1217// 210// 227//
f 1217// 227// 1218//
f 1218// 227// 222//
f 1218// 222// 1210//
f 1211// 1181// 1210//
f 1210// 1181// 1182//
f 1210// 1182// 1218//
f 1218// 1182// 1183//
f 1218// 1183// 1217//
f 1217// 1183// 1180//
f 1217// 1180// 1179//
f 1200// 1199// 1202//
f 1202// 1199// 1198//
f 1202// 1198// 1201//
f 1201// 1198// 1191//
f 1201// 1191// 1209//
f 1209// 1191// 1192//
f 1209// 1192// 1208//
f 1208// 1192// 1193//
f 1208// 1193// 1207//
f 1207// 1193// 1194//
f 1207// 1194// 1206//
f 1206// 1194// 1195//
f 1206// 1195// 1205//
f 1205// 1195// 1196//
f 1205// 1196// 1204//
f 1204// 1196// 1197//
f 1204// 1197// 1203//
f 1203// 1197// 1184//
f 1203// 1184// 1216//
f 1216// 1184// 1185//
f 1216// 1185// 1215//
f 1215// 1185// 1186//
f 1215// 1186// 1214//
f 1214// 1186// 1187//
f 1214// 1187// 1213//
f 1213// 1187// 1188//
f 1213// 1188// 1212//
f 1212// 1188// 1189//
f 1212// 1189// 1211//
f 1211// 1189// 1190//
f 1211// 1190// 1181//
f 1219// 1220// 230//
f 230// 1220// 253//
f 1220// 1221// 253//
f 253// 1221// 242//
f 1221// 1222// 242//
f 242// 1222// 244//
f 1222// 1223// 244//
f 244// 1223// 228//
f 1223// 1224// 228//
f 228// 1224// 229//
f 1224// 1219// 229//
f 229// 1219// 230//
f 1223// 1222// 1224//
f 1224// 1222// 1221//
f 1224// 1221// 1219//
f 1219// 1221// 1220//
usemtl 1
f 1107// 1108// 1109//
f 1109// 1108// 1114//
f 1109// 1114// 1110//
f 1110// 1114// 1113//
f 1110// 1113// 1111//
f 1111// 1113// 1112//
f 1151// 1166// 1150//
f 1150// 1166// 1165//
f 1159// 1158// 1150//
f 1158// 1157// 1150//
f 1150// 1157// 1156//
f 1150// 1156// 1152//
f 1165// 1164// 1150//
f 1150// 1164// 1163//
f 1150// 1163// 1162//
f 1155// 1154// 1156//
f 1156// 1154// 1153//
f 1156// 1153// 1152//
f 1162// 1161// 1150//
f 1150// 1161// 1160//
f 1150// 1160// 1159//
usemtl 2
f 799// 121// 120//
f 122// 90// 92//
f 799// 120// 1225//
f 1225// 120// 126//
f 1225// 126// 1226//
f 1226// 126// 125//
f 1226// 125// 1227//
f 1227// 125// 124//
f 1227// 124// 1228//
f 1228// 124// 123//
f 1228// 123// 1229//
f 1229// 123// 122//
f 1229// 122// 1230//
f 1230// 122// 92//
f 1230// 92// 1231//
f 118// 119// 806//
f 1232// 1233// 118//
f 118// 806// 1232//
f 1232// 806// 805//
f 1232// 805// 1234//
f 1234// 805// 804//
f 1234// 804// 1235//
f 1235// 804// 803//
f 1235// 803// 1236//
f 1236// 803// 802//
f 1236// 802// 1237//
f 1237// 802// 801//
f 1237// 801// 1238//
f 1238// 801// 88//
f 1238// 88// 86//
f 1231// 92// 1233//
f 1233// 92// 118//
f 116// 100// 99//
f 116// 99// 1239//
f 1239// 99// 108//
f 1239// 108// 1240//
f 1240// 108// 107//
f 1240// 107// 1241//
f 1241// 107// 104//
f 1241// 104// 1242//
f 1242// 104// 105//
f 1242// 105// 1243//
f 1243// 105// 106//
f 1243// 106// 1244//
f 1244// 106// 114//
f 1244// 114// 1245//
f 1245// 114// 1246//
f 1246// 114// 113//
f 1246// 113// 112//
f 1246// 112// 1247//
f 1247// 112// 111//
f 1247// 111// 1248//
f 1248// 111// 110//
f 1248// 110// 1249//
f 1249// 110// 109//
f 1249// 109// 1250//
f 1250// 109// 102//
f 1250// 102// 1251//
f 1251// 102// 103//
f 1251// 103// 1252//
f 1252// 103// 94//
f 1252// 94// 96//
f 1253// 1254// 1255//
f 1255// 1254// 1256//
f 1257// 1258// 1256//
f 1257// 1256// 1259//
f 1260// 1259// 1256//
f 1261// 1260// 1256//
f 1262// 1261// 1256//
f 1263// 1262// 1256//
f 1264// 1263// 1256//
f 1264// 1265// 1266//
f 1265// 1267// 1268//
f 1267// 1269// 1270//
f 1269// 1271// 1272//
f 1271// 799// 1225//
f 1271// 1225// 1272//
f 1272// 1225// 1226//
f 1272// 1226// 1273//
f 1273// 1226// 1227//
f 1273// 1227// 1274//
f 1274// 1227// 1228//
f 1274// 1228// 1275//
f 1275// 1228// 1229//
f 1275// 1229// 1276//
f 1276// 1229// 1230//
f 1276// 1230// 1277//
f 1277// 1230// 1231//
f 1277// 1231// 1278//
f 1269// 1272// 1270//
f 1270// 1272// 1273//
f 1270// 1273// 1279//
f 1279// 1273// 1274//
f 1279// 1274// 1280//
f 1280// 1274// 1275//
f 1280// 1275// 1281//
f 1281// 1275// 1276//
f 1281// 1276// 1282//
f 1282// 1276// 1277//
f 1282// 1277// 1283//
f 1283// 1277// 1278//
f 1283// 1278// 1284//
f 1267// 1270// 1268//
f 1268// 1270// 1279//
f 1268// 1279// 1285//
f 1285// 1279// 1280//
f 1285// 1280// 1286//
f 1286// 1280// 1281//
f 1286// 1281// 1287//
f 1287// 1281// 1282//
f 1287// 1282// 1288//
f 1288// 1282// 1283//
f 1288// 1283// 1289//
f 1289// 1283// 1284//
f 1289// 1284// 1290//
f 1265// 1268// 1266//
f 1266// 1268// 1285//
f 1266// 1285// 1291//
f 1291// 1285// 1286//
f 1291// 1286// 1292//
f 1292// 1286// 1287//
f 1292// 1287// 1293//
f 1293// 1287// 1288//
f 1293// 1288// 1294//
f 1294// 1288// 1289//
f 1294// 1289// 1295//
f 1295// 1289// 1290//
f 1295// 1290// 1296//
f 1264// 1266// 1263//
f 1263// 1266// 1291//
f 1263// 1291// 1262//
f 1262// 1291// 1292//
f 1262// 1292// 1261//
f 1261// 1292// 1293//
f 1261// 1293// 1260//
f 1260// 1293// 1294//
f 1260// 1294// 1259//
f 1259// 1294// 1295//
f 1259// 1295// 1257//
f 1257// 1295// 1296//
f 1257// 1296// 1258//
f 1231// 1233// 1297//
f 1231// 1297// 1278//
f 1278// 1297// 1298//
f 1278// 1298// 1284//
f 1284// 1298// 1299//
f 1284// 1299// 1290//
f 1290// 1299// 1300//
f 1290// 1300// 1296//
f 1296// 1300// 1301//
f 1296// 1301// 1258//
f 1258// 1301// 1255//
f 1258// 1255// 1256//
f 96// 799// 1271//
f 96// 1271// 1302//
f 1302// 1271// 1269//
f 1302// 1269// 1303//
f 1303// 1269// 1267//
f 1303// 1267// 1304//
f 1304// 1267// 1265//
f 1304// 1265// 1305//
f 1305// 1265// 1264//
f 1305// 1264// 1306//
f 1306// 1264// 1256//
f 1306// 1256// 1254//
f 1307// 1308// 1255//
f 1307// 1255// 1309//
f 1310// 1309// 1255//
f 1311// 1310// 1255//
f 1312// 1311// 1255//
f 1313// 1312// 1255//
f 1301// 1313// 1255//
f 1301// 1300// 1314//
f 1300// 1299// 1315//
f 1299// 1298// 1316//
f 1298// 1297// 1317//
f 1297// 1233// 1232//
f 1297// 1232// 1317//
f 1317// 1232// 1234//
f 1317// 1234// 1318//
f 1318// 1234// 1235//
f 1318// 1235// 1319//
f 1319// 1235// 1236//
f 1319// 1236// 1320//
f 1320// 1236// 1237//
f 1320// 1237// 1321//
f 1321// 1237// 1238//
f 1321// 1238// 1322//
f 1322// 1238// 86//
f 1322// 86// 1323//
f 1298// 1317// 1316//
f 1316// 1317// 1318//
f 1316// 1318// 1324//
f 1324// 1318// 1319//
f 1324// 1319// 1325//
f 1325// 1319// 1320//
f 1325// 1320// 1326//
f 1326// 1320// 1321//
f 1326// 1321// 1327//
f 1327// 1321// 1322//
f 1327// 1322// 1328//
f 1328// 1322// 1323//
f 1328// 1323// 1329//
f 1299// 1316// 1315//
f 1315// 1316// 1324//
f 1315// 1324// 1330//
f 1330// 1324// 1325//
f 1330// 1325// 1331//
f 1331// 1325// 1326//
f 1331// 1326// 1332//
f 1332// 1326// 1327//
f 1332// 1327// 1333//
f 1333// 1327// 1328//
f 1333// 1328// 1334//
f 1334// 1328// 1329//
f 1334// 1329// 1335//
f 1300// 1315// 1314//
f 1314// 1315// 1330//
f 1314// 1330// 1336//
f 1336// 1330// 1331//
f 1336// 1331// 1337//
f 1337// 1331// 1332//
f 1337// 1332// 1338//
f 1338// 1332// 1333//
f 1338// 1333// 1339//
f 1339// 1333// 1334//
f 1339// 1334// 1340//
f 1340// 1334// 1335//
f 1340// 1335// 1341//
f 1301// 1314// 1313//
f 1313// 1314// 1336//
f 1313// 1336// 1312//
f 1312// 1336// 1337//
f 1312// 1337// 1311//
f 1311// 1337// 1338//
f 1311// 1338// 1310//
f 1310// 1338// 1339//
f 1310// 1339// 1309//
f 1309// 1339// 1340//
f 1309// 1340// 1307//
f 1307// 1340// 1341//
f 1307// 1341// 1308//
f 1342// 1306// 1254//
f 1342// 1254// 1343//
f 1344// 1343// 1254//
f 1345// 1344// 1254//
f 1346// 1345// 1254//
f 1347// 1346// 1254//
f 1348// 1347// 1254//
f 1348// 1349// 1350//
f 1349// 1351// 1352//
f 1351// 1353// 1354//
f 1353// 1355// 1356//
f 1355// 1246// 1247//
f 1355// 1247// 1356//
f 1356// 1247// 1248//
f 1356// 1248// 1357//
f 1357// 1248// 1249//
f 1357// 1249// 1358//
f 1358// 1249// 1250//
f 1358// 1250// 1359//
f 1359// 1250// 1251//
f 1359// 1251// 1360//
f 1360// 1251// 1252//
f 1360// 1252// 1361//
f 1361// 1252// 96//
f 1361// 96// 1302//
f 1353// 1356// 1354//
f 1354// 1356// 1357//
f 1354// 1357// 1362//
f 1362// 1357// 1358//
f 1362// 1358// 1363//
f 1363// 1358// 1359//
f 1363// 1359// 1364//
f 1364// 1359// 1360//
f 1364// 1360// 1365//
f 1365// 1360// 1361//
f 1365// 1361// 1366//
f 1366// 1361// 1302//
f 1366// 1302// 1303//
f 1351// 1354// 1352//
f 1352// 1354// 1362//
f 1352// 1362// 1367//
f 1367// 1362// 1363//
f 1367// 1363// 1368//
f 1368// 1363// 1364//
f 1368// 1364// 1369//
f 1369// 1364// 1365//
f 1369// 1365// 1370//
f 1370// 1365// 1366//
f 1370// 1366// 1371//
f 1371// 1366// 1303//
f 1371// 1303// 1304//
f 1349// 1352// 1350//
f 1350// 1352// 1367//
f 1350// 1367// 1372//
f 1372// 1367// 1368//
f 1372// 1368// 1373//
f 1373// 1368// 1369//
f 1373// 1369// 1374//
f 1374// 1369// 1370//
f 1374// 1370// 1375//
f 1375// 1370// 1371//
f 1375// 1371// 1376//
f 1376// 1371// 1304//
f 1376// 1304// 1305//
f 1348// 1350// 1347//
f 1347// 1350// 1372//
f 1347// 1372// 1346//
f 1346// 1372// 1373//
f 1346// 1373// 1345//
f 1345// 1373// 1374//
f 1345// 1374// 1344//
f 1344// 1374// 1375//
f 1344// 1375// 1343//
f 1343// 1375// 1376//
f 1343// 1376// 1342//
f 1342// 1376// 1305//
f 1342// 1305// 1306//
f 86// 116// 1377//
f 86// 1377// 1323//
f 1323// 1377// 1378//
f 1323// 1378// 1329//
f 1329// 1378// 1379//
f 1329// 1379// 1335//
f 1335// 1379// 1380//
f 1335// 1380// 1341//
f 1341// 1380// 1381//
f 1341// 1381// 1308//
f 1308// 1381// 1253//
f 1308// 1253// 1255//
f 1245// 1246// 1355//
f 1245// 1355// 1382//
f 1382// 1355// 1353//
f 1382// 1353// 1383//
f 1383// 1353// 1351//
f 1383// 1351// 1384//
f 1384// 1351// 1349//
f 1384// 1349// 1385//
f 1385// 1349// 1348//
f 1385// 1348// 1386//
f 1386// 1348// 1254//
f 1386// 1254// 1253//
f 1387// 1386// 1253//
f 1387// 1253// 1388//
f 1389// 1388// 1253//
f 1390// 1389// 1253//
f 1391// 1390// 1253//
f 1392// 1391// 1253//
f 1381// 1392// 1253//
f 1381// 1380// 1393//
f 1380// 1379// 1394//
f 1379// 1378// 1395//
f 1378// 1377// 1396//
f 1377// 116// 1239//
f 1377// 1239// 1396//
f 1396// 1239// 1240//
f 1396// 1240// 1397//
f 1397// 1240// 1241//
f 1397// 1241// 1398//
f 1398// 1241// 1242//
f 1398// 1242// 1399//
f 1399// 1242// 1243//
f 1399// 1243// 1400//
f 1400// 1243// 1244//
f 1400// 1244// 1401//
f 1401// 1244// 1245//
f 1401// 1245// 1382//
f 1378// 1396// 1395//
f 1395// 1396// 1397//
f 1395// 1397// 1402//
f 1402// 1397// 1398//
f 1402// 1398// 1403//
f 1403// 1398// 1399//
f 1403// 1399// 1404//
f 1404// 1399// 1400//
f 1404// 1400// 1405//
f 1405// 1400// 1401//
f 1405// 1401// 1406//
f 1406// 1401// 1382//
f 1406// 1382// 1383//
f 1379// 1395// 1394//
f 1394// 1395// 1402//
f 1394// 1402// 1407//
f 1407// 1402// 1403//
f 1407// 1403// 1408//
f 1408// 1403// 1404//
f 1408// 1404// 1409//
f 1409// 1404// 1405//
f 1409// 1405// 1410//
f 1410// 1405// 1406//
f 1410// 1406// 1411//
f 1411// 1406// 1383//
f 1411// 1383// 1384//
f 1380// 1394// 1393//
f 1393// 1394// 1407//
f 1393// 1407// 1412//
f 1412// 1407// 1408//
f 1412// 1408// 1413//
f 1413// 1408// 1409//
f 1413// 1409// 1414//
f 1414// 1409// 1410//
f 1414// 1410// 1415//
f 1415// 1410// 1411//
f 1415// 1411// 1416//
f 1416// 1411// 1384//
f 1416// 1384// 1385//
f 1381// 1393// 1392//
f 1392// 1393// 1412//
f 1392// 1412// 1391//
f 1391// 1412// 1413//
f 1391// 1413// 1390//
f 1390// 1413// 1414//
f 1390// 1414// 1389//
f 1389// 1414// 1415//
f 1389// 1415// 1388//
f 1388// 1415// 1416//
f 1388// 1416// 1387//
f 1387// 1416// 1385//
f 1387// 1385// 1386//
usemtl 4
f 1417// 1418// 1419//
f 1419// 1418// 1420//
f 1421// 566// 1422//
f 1422// 566// 565//
f 1422// 565// 1423//
f 1423// 565// 568//
f 1423// 568// 1424//
f 1424// 568// 567//
f 567// 566// 1424//
f 1424// 566// 1421//
f 1425// 1426// 1427//
f 1427// 1426// 1428//
f 1427// 1428// 1429//
f 1429// 1428// 1430//
f 1429// 1430// 1431//
f 1431// 1430// 1432//
f 1431// 1432// 1422//
f 1422// 1432// 1421//
f 1422// 1423// 1431//
f 1431// 1423// 1433//
f 1431// 1433// 1429//
f 1429// 1433// 1434//
f 1429// 1434// 1427//
f 1427// 1434// 1435//
f 1427// 1435// 1425//
f 1425// 1435// 1436//
f 1423// 1424// 1433//
f 1433// 1424// 1437//
f 1433// 1437// 1434//
f 1434// 1437// 1438//
f 1434// 1438// 1435//
f 1435// 1438// 1439//
f 1435// 1439// 1436//
f 1436// 1439// 1440//
f 1426// 1440// 1439//
f 1426// 1439// 1428//
f 1428// 1439// 1438//
f 1428// 1438// 1430//
f 1430// 1438// 1437//
f 1430// 1437// 1432//
f 1432// 1437// 1424//
f 1432// 1424// 1421//
f 1441// 1426// 1442//
f 1442// 1426// 1425//
f 1442// 1425// 1443//
f 1443// 1425// 1436//
f 1443// 1436// 1444//
f 1444// 1436// 1440//
f 1440// 1426// 1444//
f 1444// 1426// 1441//
f 1441// 1442// 1445//
f 1445// 1442// 1446//
f 1445// 1446// 1447//
f 1447// 1446// 1448//
f 1447// 1448// 1449//
f 1449// 1448// 1450//
f 1449// 1450// 1451//
f 1451// 1450// 1452//
f 1453// 1452// 1450//
f 1453// 1450// 1454//
f 1454// 1450// 1448//
f 1454// 1448// 1455//
f 1455// 1448// 1446//
f 1455// 1446// 1456//
f 1456// 1446// 1442//
f 1456// 1442// 1443//
f 1457// 1453// 1458//
f 1458// 1453// 1454//
f 1458// 1454// 1459//
f 1459// 1454// 1455//
f 1459// 1455// 1460//
f 1460// 1455// 1456//
f 1460// 1456// 1444//
f 1444// 1456// 1443//
f 1444// 1441// 1460//
f 1460// 1441// 1445//
f 1460// 1445// 1459//
f 1459// 1445// 1447//
f 1459// 1447// 1458//
f 1458// 1447// 1449//
f 1458// 1449// 1457//
f 1457// 1449// 1451//
f 1420// 1451// 1419//
f 1419// 1451// 1452//
f 1419// 1452// 1417//
f 1417// 1452// 1453//
f 1417// 1453// 1418//
f 1418// 1453// 1457//
f 1457// 1451// 1418//
f 1418// 1451// 1420//
f 1461// 1462// 1463//
f 1463// 1462// 1464//
f 1465// 588// 1466//
f 1466// 588// 589//
f 1466// 589// 1467//
f 1467// 589// 585//
f 1467// 585// 1468//
f 1468// 585// 587//
f 587// 588// 1468//
f 1468// 588// 1465//
f 1469// 1470// 1471//
f 1471// 1470// 1472//
f 1471// 1472// 1473//
f 1473// 1472// 1474//
f 1473// 1474// 1475//
f 1475// 1474// 1476//
f 1475// 1476// 1466//
f 1466// 1476// 1465//
f 1466// 1467// 1475//
f 1475// 1467// 1477//
f 1475// 1477// 1473//
f 1473// 1477// 1478//
f 1473// 1478// 1471//
f 1471// 1478// 1479//
f 1471// 1479// 1469//
f 1469// 1479// 1480//
f 1467// 1468// 1477//
f 1477// 1468// 1481//
f 1477// 1481// 1478//
f 1478// 1481// 1482//
f 1478// 1482// 1479//
f 1479// 1482// 1483//
f 1479// 1483// 1480//
f 1480// 1483// 1484//
f 1470// 1484// 1483//
f 1470// 1483// 1472//
f 1472// 1483// 1482//
f 1472// 1482// 1474//
f 1474// 1482// 1481//
f 1474// 1481// 1476//
f 1476// 1481// 1468//
f 1476// 1468// 1465//
f 1485// 1470// 1486//
f 1486// 1470// 1469//
f 1486// 1469// 1487//
f 1487// 1469// 1480//
f 1487// 1480// 1488//
f 1488// 1480// 1484//
f 1484// 1470// 1488//
f 1488// 1470// 1485//
f 1485// 1486// 1489//
f 1489// 1486// 1490//
f 1489// 1490// 1491//
f 1491// 1490// 1492//
f 1491// 1492// 1493//
f 1493// 1492// 1494//
f 1493// 1494// 1495//
f 1495// 1494// 1496//
f 1497// 1496// 1494//
f 1497// 1494// 1498//
f 1498// 1494// 1492//
f 1498// 1492// 1499//
f 1499// 1492// 1490//
f 1499// 1490// 1500//
f 1500// 1490// 1486//
f 1500// 1486// 1487//
f 1501// 1497// 1502//
f 1502// 1497// 1498//
f 1502// 1498// 1503//
f 1503// 1498// 1499//
f 1503// 1499// 1504//
f 1504// 1499// 1500//
f 1504// 1500// 1488//
f 1488// 1500// 1487//
f 1488// 1485// 1504//
f 1504// 1485// 1489//
f 1504// 1489// 1503//
f 1503// 1489// 1491//
f 1503// 1491// 1502//
f 1502// 1491// 1493//
f 1502// 1493// 1501//
f 1501// 1493// 1495//
f 1461// 1495// 1462//
f 1462// 1495// 1496//
f 1462// 1496// 1464//
f 1464// 1496// 1497//
f 1464// 1497// 1463//
f 1463// 1497// 1501//
f 1501// 1495// 1463//
f 1463// 1495// 1461//
usemtl 1
f 7// 67// 9//
f 9// 67// 1505//
f 9// 1505// 1506//
f 5// 4// 1507//
f 1507// 1508// 5//
f 5// 1508// 1509//
f 5// 1509// 1510//
f 1510// 1511// 5//
f 5// 1511// 1512//
f 5// 1512// 65//
f 37// 79// 39//
f 39// 79// 1513//
f 39// 1513// 1514//
f 35// 1515// 1516//
f 34// 1517// 35//
f 35// 1517// 1518//
f 35// 1518// 1515//
f 1516// 1519// 35//
f 35// 1519// 1520//
f 35// 1520// 77//
f 1521// 1522// 1523//
f 1524// 1525// 1526//
f 1526// 1525// 1527//
f 1527// 1525// 1523//
f 1523// 1525// 1528//
f 1523// 1528// 1521//
f 43// 73// 44//
f 44// 73// 75//
f 1522// 1529// 1523//
f 1523// 1529// 44//
f 1523// 44// 1530//
f 1530// 44// 75//
f 1531// 1532// 1533//
f 38// 39// 1514//
f 1514// 1534// 1535//
f 1535// 1534// 1536//
f 1535// 1536// 1537//
f 1533// 1538// 1531//
f 1531// 1538// 1535//
f 1531// 1535// 1539//
f 1539// 1535// 1537//
f 31// 33// 76//
f 76// 38// 31//
f 31// 38// 1514//
f 31// 1514// 1540//
f 1540// 1514// 1535//
f 1541// 1542// 1543//
f 1544// 1545// 1546//
f 1543// 1547// 1541//
f 1541// 1547// 1544//
f 1541// 1544// 1548//
f 1548// 1544// 1546//
f 13// 61// 14//
f 14// 61// 63//
f 1544// 1549// 1545//
f 1545// 1549// 14//
f 1545// 14// 1550//
f 1550// 14// 63//
f 1551// 1552// 1553//
f 1554// 1555// 1556//
f 1553// 1557// 1551//
f 1551// 1557// 1554//
f 1551// 1554// 1558//
f 1558// 1554// 1556//
f 1554// 1559// 1555//
f 1555// 1559// 1//
f 1555// 1// 1560//
f 1560// 1// 1506//
f 9// 1506// 8//
f 8// 1506// 1//
f 8// 1// 64//
f 64// 1// 3//
f 451// 453// 1561//
f 1562// 1532// 1531//
f 1562// 1531// 1561//
f 1531// 1563// 1561//
f 1561// 1563// 1564//
f 1561// 1564// 451//
f 451// 1564// 450//
f 1565// 449// 450//
f 1514// 1513// 1534//
f 1534// 1513// 42//
f 1528// 1537// 1521//
f 1521// 1537// 1536//
f 1521// 1536// 1522//
f 1522// 1536// 1534//
f 1522// 1534// 1529//
f 1529// 1534// 42//
f 1529// 42// 44//
f 1565// 450// 1566//
f 450// 1564// 1566//
f 1566// 1564// 1563//
f 1566// 1563// 1525//
f 1525// 1563// 1531//
f 1525// 1531// 1528//
f 1528// 1531// 1539//
f 1528// 1539// 1537//
f 32// 31// 1540//
f 1533// 1526// 1527//
f 1530// 75// 74//
f 1533// 1527// 1538//
f 1538// 1527// 1523//
f 1538// 1523// 1535//
f 1535// 1523// 1530//
f 1535// 1530// 1540//
f 1540// 1530// 74//
f 1540// 74// 32//
f 1526// 1533// 1524//
f 1524// 1533// 1532//
f 1524// 1532// 1567//
f 1567// 1532// 1562//
f 1567// 1562// 1568//
f 1568// 1562// 446//
f 446// 1562// 1561//
f 446// 1561// 453//
f 449// 1565// 447//
f 447// 1565// 1568//
f 447// 1568// 446//
f 1566// 1525// 1524//
f 1566// 1524// 1565//
f 1565// 1524// 1567//
f 1565// 1567// 1568//
f 461// 462// 1569//
f 1570// 1552// 1551//
f 1570// 1551// 1569//
f 1551// 1571// 1569//
f 1569// 1571// 1572//
f 1569// 1572// 461//
f 461// 1572// 460//
f 1573// 459// 460//
f 1506// 1505// 1560//
f 1560// 1505// 12//
f 1543// 1556// 1547//
f 1547// 1556// 1555//
f 1547// 1555// 1544//
f 1544// 1555// 1560//
f 1544// 1560// 1549//
f 1549// 1560// 12//
f 1549// 12// 14//
f 1573// 460// 1574//
f 460// 1572// 1574//
f 1574// 1572// 1571//
f 1574// 1571// 1542//
f 1542// 1571// 1551//
f 1542// 1551// 1543//
f 1543// 1551// 1558//
f 1543// 1558// 1556//
f 2// 1// 1559//
f 1553// 1548// 1546//
f 1550// 63// 62//
f 1553// 1546// 1557//
f 1557// 1546// 1545//
f 1557// 1545// 1554//
f 1554// 1545// 1550//
f 1554// 1550// 1559//
f 1559// 1550// 62//
f 1559// 62// 2//
f 1548// 1553// 1541//
f 1541// 1553// 1552//
f 1541// 1552// 1575//
f 1575// 1552// 1570//
f 1575// 1570// 1576//
f 1576// 1570// 456//
f 456// 1570// 1569//
f 456// 1569// 462//
f 459// 1573// 458//
f 458// 1573// 1576//
f 458// 1576// 456//
f 1574// 1542// 1541//
f 1574// 1541// 1573//
f 1573// 1541// 1575//
f 1573// 1575// 1576//
usemtl 2
f 1513// 79// 78//
f 80// 36// 38//
f 1513// 78// 1577//
f 1577// 78// 84//
f 1577// 84// 1578//
f 1578// 84// 83//
f 1578// 83// 1579//
f 1579// 83// 82//
f 1579// 82// 1580//
f 1580// 82// 81//
f 1580// 81// 1581//
f 1581// 81// 80//
f 1581// 80// 1582//
f 1582// 80// 38//
f 1582// 38// 1583//
f 76// 77// 1520//
f 1584// 1585// 76//
f 76// 1520// 1584//
f 1584// 1520// 1519//
f 1584// 1519// 1586//
f 1586// 1519// 1516//
f 1586// 1516// 1587//
f 1587// 1516// 1515//
f 1587// 1515// 1588//
f 1588// 1515// 1518//
f 1588// 1518// 1589//
f 1589// 1518// 1517//
f 1589// 1517// 1590//
f 1590// 1517// 34//
f 1590// 34// 32//
f 1505// 67// 66//
f 68// 6// 8//
f 1505// 66// 1591//
f 1591// 66// 72//
f 1591// 72// 1592//
f 1592// 72// 71//
f 1592// 71// 1593//
f 1593// 71// 70//
f 1593// 70// 1594//
f 1594// 70// 69//
f 1594// 69// 1595//
f 1595// 69// 68//
f 1595// 68// 1596//
f 1596// 68// 8//
f 1596// 8// 1597//
f 64// 65// 1512//
f 1598// 1599// 64//
f 64// 1512// 1598//
f 1598// 1512// 1511//
f 1598// 1511// 1600//
f 1600// 1511// 1510//
f 1600// 1510// 1601//
f 1601// 1510// 1509//
f 1601// 1509// 1602//
f 1602// 1509// 1508//
f 1602// 1508// 1603//
f 1603// 1508// 1507//
f 1603// 1507// 1604//
f 1604// 1507// 4//
f 1604// 4// 2//
f 1583// 38// 1585//
f 1585// 38// 76//
f 74// 57// 56//
f 74// 56// 1605//
f 1605// 56// 55//
f 1605// 55// 1606//
f 1606// 55// 54//
f 1606// 54// 1607//
f 1607// 54// 53//
f 1607// 53// 1608//
f 1608// 53// 51//
f 1608// 51// 1609//
f 1609// 51// 50//
f 1609// 50// 1610//
f 1610// 50// 60//
f 1610// 60// 1611//
f 1611// 60// 1612//
f 1612// 60// 59//
f 1612// 59// 58//
f 1612// 58// 1613//
f 1613// 58// 49//
f 1613// 49// 1614//
f 1614// 49// 48//
f 1614// 48// 1615//
f 1615// 48// 47//
f 1615// 47// 1616//
f 1616// 47// 45//
f 1616// 45// 1617//
f 1617// 45// 46//
f 1617// 46// 1618//
f 1618// 46// 40//
f 1618// 40// 42//
f 1619// 1620// 1621//
f 1621// 1620// 1622//
f 1597// 8// 1599//
f 1599// 8// 64//
f 62// 16// 15//
f 62// 15// 1623//
f 1623// 15// 27//
f 1623// 27// 1624//
f 1624// 27// 26//
f 1624// 26// 1625//
f 1625// 26// 23//
f 1625// 23// 1626//
f 1626// 23// 24//
f 1626// 24// 1627//
f 1627// 24// 25//
f 1627// 25// 1628//
f 1628// 25// 30//
f 1628// 30// 1629//
f 1629// 30// 1630//
f 1630// 30// 29//
f 1630// 29// 28//
f 1630// 28// 1631//
f 1631// 28// 22//
f 1631// 22// 1632//
f 1632// 22// 21//
f 1632// 21// 1633//
f 1633// 21// 20//
f 1633// 20// 1634//
f 1634// 20// 18//
f 1634// 18// 1635//
f 1635// 18// 19//
f 1635// 19// 1636//
f 1636// 19// 10//
f 1636// 10// 12//
f 1637// 1638// 1639//
f 1639// 1638// 1640//
f 1641// 1642// 1622//
f 1641// 1622// 1643//
f 1644// 1643// 1622//
f 1645// 1644// 1622//
f 1646// 1645// 1622//
f 1647// 1646// 1622//
f 1648// 1647// 1622//
f 1648// 1649// 1650//
f 1649// 1651// 1652//
f 1651// 1653// 1654//
f 1653// 1655// 1656//
f 1655// 1513// 1577//
f 1655// 1577// 1656//
f 1656// 1577// 1578//
f 1656// 1578// 1657//
f 1657// 1578// 1579//
f 1657// 1579// 1658//
f 1658// 1579// 1580//
f 1658// 1580// 1659//
f 1659// 1580// 1581//
f 1659// 1581// 1660//
f 1660// 1581// 1582//
f 1660// 1582// 1661//
f 1661// 1582// 1583//
f 1661// 1583// 1662//
f 1653// 1656// 1654//
f 1654// 1656// 1657//
f 1654// 1657// 1663//
f 1663// 1657// 1658//
f 1663// 1658// 1664//
f 1664// 1658// 1659//
f 1664// 1659// 1665//
f 1665// 1659// 1660//
f 1665// 1660// 1666//
f 1666// 1660// 1661//
f 1666// 1661// 1667//
f 1667// 1661// 1662//
f 1667// 1662// 1668//
f 1651// 1654// 1652//
f 1652// 1654// 1663//
f 1652// 1663// 1669//
f 1669// 1663// 1664//
f 1669// 1664// 1670//
f 1670// 1664// 1665//
f 1670// 1665// 1671//
f 1671// 1665// 1666//
f 1671// 1666// 1672//
f 1672// 1666// 1667//
f 1672// 1667// 1673//
f 1673// 1667// 1668//
f 1673// 1668// 1674//
f 1649// 1652// 1650//
f 1650// 1652// 1669//
f 1650// 1669// 1675//
f 1675// 1669// 1670//
f 1675// 1670// 1676//
f 1676// 1670// 1671//
f 1676// 1671// 1677//
f 1677// 1671// 1672//
f 1677// 1672// 1678//
f 1678// 1672// 1673//
f 1678// 1673// 1679//
f 1679// 1673// 1674//
f 1679// 1674// 1680//
f 1648// 1650// 1647//
f 1647// 1650// 1675//
f 1647// 1675// 1646//
f 1646// 1675// 1676//
f 1646// 1676// 1645//
f 1645// 1676// 1677//
f 1645// 1677// 1644//
f 1644// 1677// 1678//
f 1644// 1678// 1643//
f 1643// 1678// 1679//
f 1643// 1679// 1641//
f 1641// 1679// 1680//
f 1641// 1680// 1642//
f 1583// 1585// 1681//
f 1583// 1681// 1662//
f 1662// 1681// 1682//
f 1662// 1682// 1668//
f 1668// 1682// 1683//
f 1668// 1683// 1674//
f 1674// 1683// 1684//
f 1674// 1684// 1680//
f 1680// 1684// 1685//
f 1680// 1685// 1642//
f 1642// 1685// 1621//
f 1642// 1621// 1622//
f 42// 1513// 1655//
f 42// 1655// 1686//
f 1686// 1655// 1653//
f 1686// 1653// 1687//
f 1687// 1653// 1651//
f 1687// 1651// 1688//
f 1688// 1651// 1649//
f 1688// 1649// 1689//
f 1689// 1649// 1648//
f 1689// 1648// 1690//
f 1690// 1648// 1622//
f 1690// 1622// 1620//
f 1691// 1692// 1621//
f 1691// 1621// 1693//
f 1694// 1693// 1621//
f 1695// 1694// 1621//
f 1696// 1695// 1621//
f 1697// 1696// 1621//
f 1685// 1697// 1621//
f 1685// 1684// 1698//
f 1684// 1683// 1699//
f 1683// 1682// 1700//
f 1682// 1681// 1701//
f 1681// 1585// 1584//
f 1681// 1584// 1701//
f 1701// 1584// 1586//
f 1701// 1586// 1702//
f 1702// 1586// 1587//
f 1702// 1587// 1703//
f 1703// 1587// 1588//
f 1703// 1588// 1704//
f 1704// 1588// 1589//
f 1704// 1589// 1705//
f 1705// 1589// 1590//
f 1705// 1590// 1706//
f 1706// 1590// 32//
f 1706// 32// 1707//
f 1682// 1701// 1700//
f 1700// 1701// 1702//
f 1700// 1702// 1708//
f 1708// 1702// 1703//
f 1708// 1703// 1709//
f 1709// 1703// 1704//
f 1709// 1704// 1710//
f 1710// 1704// 1705//
f 1710// 1705// 1711//
f 1711// 1705// 1706//
f 1711// 1706// 1712//
f 1712// 1706// 1707//
f 1712// 1707// 1713//
f 1683// 1700// 1699//
f 1699// 1700// 1708//
f 1699// 1708// 1714//
f 1714// 1708// 1709//
f 1714// 1709// 1715//
f 1715// 1709// 1710//
f 1715// 1710// 1716//
f 1716// 1710// 1711//
f 1716// 1711// 1717//
f 1717// 1711// 1712//
f 1717// 1712// 1718//
f 1718// 1712// 1713//
f 1718// 1713// 1719//
f 1684// 1699// 1698//
f 1698// 1699// 1714//
f 1698// 1714// 1720//
f 1720// 1714// 1715//
f 1720// 1715// 1721//
f 1721// 1715// 1716//
f 1721// 1716// 1722//
f 1722// 1716// 1717//
f 1722// 1717// 1723//
f 1723// 1717// 1718//
f 1723// 1718// 1724//
f 1724// 1718// 1719//
f 1724// 1719// 1725//
f 1685// 1698// 1697//
f 1697// 1698// 1720//
f 1697// 1720// 1696//
f 1696// 1720// 1721//
f 1696// 1721// 1695//
f 1695// 1721// 1722//
f 1695// 1722// 1694//
f 1694// 1722// 1723//
f 1694// 1723// 1693//
f 1693// 1723// 1724//
f 1693// 1724// 1691//
f 1691// 1724// 1725//
f 1691// 1725// 1692//
f 1726// 1690// 1620//
f 1726// 1620// 1727//
f 1728// 1727// 1620//
f 1729// 1728// 1620//
f 1730// 1729// 1620//
f 1731// 1730// 1620//
f 1732// 1731// 1620//
f 1732// 1733// 1734//
f 1733// 1735// 1736//
f 1735// 1737// 1738//
f 1737// 1739// 1740//
f 1739// 1612// 1613//
f 1739// 1613// 1740//
f 1740// 1613// 1614//
f 1740// 1614// 1741//
f 1741// 1614// 1615//
f 1741// 1615// 1742//
f 1742// 1615// 1616//
f 1742// 1616// 1743//
f 1743// 1616// 1617//
f 1743// 1617// 1744//
f 1744// 1617// 1618//
f 1744// 1618// 1745//
f 1745// 1618// 42//
f 1745// 42// 1686//
f 1737// 1740// 1738//
f 1738// 1740// 1741//
f 1738// 1741// 1746//
f 1746// 1741// 1742//
f 1746// 1742// 1747//
f 1747// 1742// 1743//
f 1747// 1743// 1748//
f 1748// 1743// 1744//
f 1748// 1744// 1749//
f 1749// 1744// 1745//
f 1749// 1745// 1750//
f 1750// 1745// 1686//
f 1750// 1686// 1687//
f 1735// 1738// 1736//
f 1736// 1738// 1746//
f 1736// 1746// 1751//
f 1751// 1746// 1747//
f 1751// 1747// 1752//
f 1752// 1747// 1748//
f 1752// 1748// 1753//
f 1753// 1748// 1749//
f 1753// 1749// 1754//
f 1754// 1749// 1750//
f 1754// 1750// 1755//
f 1755// 1750// 1687//
f 1755// 1687// 1688//
f 1733// 1736// 1734//
f 1734// 1736// 1751//
f 1734// 1751// 1756//
f 1756// 1751// 1752//
f 1756// 1752// 1757//
f 1757// 1752// 1753//
f 1757// 1753// 1758//
f 1758// 1753// 1754//
f 1758// 1754// 1759//
f 1759// 1754// 1755//
f 1759// 1755// 1760//
f 1760// 1755// 1688//
f 1760// 1688// 1689//
f 1732// 1734// 1731//
f 1731// 1734// 1756//
f 1731// 1756// 1730//
f 1730// 1756// 1757//
f 1730// 1757// 1729//
f 1729// 1757// 1758//
f 1729// 1758// 1728//
f 1728// 1758// 1759//
f 1728// 1759// 1727//
f 1727// 1759// 1760//
f 1727// 1760// 1726//
f 1726// 1760// 1689//
f 1726// 1689// 1690//
f 32// 74// 1761//
f 32// 1761// 1707//
f 1707// 1761// 1762//
f 1707// 1762// 1713//
f 1713// 1762// 1763//
f 1713// 1763// 1719//
f 1719// 1763// 1764//
f 1719// 1764// 1725//
f 1725// 1764// 1765//
f 1725// 1765// 1692//
f 1692// 1765// 1619//
f 1692// 1619// 1621//
f 1611// 1612// 1739//
f 1611// 1739// 1766//
f 1766// 1739// 1737//
f 1766// 1737// 1767//
f 1767// 1737// 1735//
f 1767// 1735// 1768//
f 1768// 1735// 1733//
f 1768// 1733// 1769//
f 1769// 1733// 1732//
f 1769// 1732// 1770//
f 1770// 1732// 1620//
f 1770// 1620// 1619//
f 1771// 1770// 1619//
f 1771// 1619// 1772//
f 1773// 1772// 1619//
f 1774// 1773// 1619//
f 1775// 1774// 1619//
f 1776// 1775// 1619//
f 1765// 1776// 1619//
f 1765// 1764// 1777//
f 1764// 1763// 1778//
f 1763// 1762// 1779//
f 1762// 1761// 1780//
f 1761// 74// 1605//
f 1761// 1605// 1780//
f 1780// 1605// 1606//
f 1780// 1606// 1781//
f 1781// 1606// 1607//
f 1781// 1607// 1782//
f 1782// 1607// 1608//
f 1782// 1608// 1783//
f 1783// 1608// 1609//
f 1783// 1609// 1784//
f 1784// 1609// 1610//
f 1784// 1610// 1785//
f 1785// 1610// 1611//
f 1785// 1611// 1766//
f 1762// 1780// 1779//
f 1779// 1780// 1781//
f 1779// 1781// 1786//
f 1786// 1781// 1782//
f 1786// 1782// 1787//
f 1787// 1782// 1783//
f 1787// 1783// 1788//
f 1788// 1783// 1784//
f 1788// 1784// 1789//
f 1789// 1784// 1785//
f 1789// 1785// 1790//
f 1790// 1785// 1766//
f 1790// 1766// 1767//
f 1763// 1779// 1778//
f 1778// 1779// 1786//
f 1778// 1786// 1791//
f 1791// 1786// 1787//
f 1791// 1787// 1792//
f 1792// 1787// 1788//
f 1792// 1788// 1793//
f 1793// 1788// 1789//
f 1793// 1789// 1794//
f 1794// 1789// 1790//
f 1794// 1790// 1795//
f 1795// 1790// 1767//
f 1795// 1767// 1768//
f 1764// 1778// 1777//
f 1777// 1778// 1791//
f 1777// 1791// 1796//
f 1796// 1791// 1792//
f 1796// 1792// 1797//
f 1797// 1792// 1793//
f 1797// 1793// 1798//
f 1798// 1793// 1794//
f 1798// 1794// 1799//
f 1799// 1794// 1795//
f 1799// 1795// 1800//
f 1800// 1795// 1768//
f 1800// 1768// 1769//
f 1765// 1777// 1776//
f 1776// 1777// 1796//
f 1776// 1796// 1775//
f 1775// 1796// 1797//
f 1775// 1797// 1774//
f 1774// 1797// 1798//
f 1774// 1798// 1773//
f 1773// 1798// 1799//
f 1773// 1799// 1772//
f 1772// 1799// 1800//
f 1772// 1800// 1771//
f 1771// 1800// 1769//
f 1771// 1769// 1770//
f 1801// 1802// 1640//
f 1801// 1640// 1803//
f 1804// 1803// 1640//
f 1805// 1804// 1640//
f 1806// 1805// 1640//
f 1807// 1806// 1640//
f 1808// 1807// 1640//
f 1808// 1809// 1810//
f 1809// 1811// 1812//
f 1811// 1813// 1814//
f 1813// 1815// 1816//
f 1815// 1505// 1591//
f 1815// 1591// 1816//
f 1816// 1591// 1592//
f 1816// 1592// 1817//
f 1817// 1592// 1593//
f 1817// 1593// 1818//
f 1818// 1593// 1594//
f 1818// 1594// 1819//
f 1819// 1594// 1595//
f 1819// 1595// 1820//
f 1820// 1595// 1596//
f 1820// 1596// 1821//
f 1821// 1596// 1597//
f 1821// 1597// 1822//
f 1813// 1816// 1814//
f 1814// 1816// 1817//
f 1814// 1817// 1823//
f 1823// 1817// 1818//
f 1823// 1818// 1824//
f 1824// 1818// 1819//
f 1824// 1819// 1825//
f 1825// 1819// 1820//
f 1825// 1820// 1826//
f 1826// 1820// 1821//
f 1826// 1821// 1827//
f 1827// 1821// 1822//
f 1827// 1822// 1828//
f 1811// 1814// 1812//
f 1812// 1814// 1823//
f 1812// 1823// 1829//
f 1829// 1823// 1824//
f 1829// 1824// 1830//
f 1830// 1824// 1825//
f 1830// 1825// 1831//
f 1831// 1825// 1826//
f 1831// 1826// 1832//
f 1832// 1826// 1827//
f 1832// 1827// 1833//
f 1833// 1827// 1828//
f 1833// 1828// 1834//
f 1809// 1812// 1810//
f 1810// 1812// 1829//
f 1810// 1829// 1835//
f 1835// 1829// 1830//
f 1835// 1830// 1836//
f 1836// 1830// 1831//
f 1836// 1831// 1837//
f 1837// 1831// 1832//
f 1837// 1832// 1838//
f 1838// 1832// 1833//
f 1838// 1833// 1839//
f 1839// 1833// 1834//
f 1839// 1834// 1840//
f 1808// 1810// 1807//
f 1807// 1810// 1835//
f 1807// 1835// 1806//
f 1806// 1835// 1836//
f 1806// 1836// 1805//
f 1805// 1836// 1837//
f 1805// 1837// 1804//
f 1804// 1837// 1838//
f 1804// 1838// 1803//
f 1803// 1838// 1839//
f 1803// 1839// 1801//
f 1801// 1839// 1840//
f 1801// 1840// 1802//
f 1597// 1599// 1841//
f 1597// 1841// 1822//
f 1822// 1841// 1842//
f 1822// 1842// 1828//
f 1828// 1842// 1843//
f 1828// 1843// 1834//
f 1834// 1843// 1844//
f 1834// 1844// 1840//
f 1840// 1844// 1845//
f 1840// 1845// 1802//
f 1802// 1845// 1639//
f 1802// 1639// 1640//
f 12// 1505// 1815//
f 12// 1815// 1846//
f 1846// 1815// 1813//
f 1846// 1813// 1847//
f 1847// 1813// 1811//
f 1847// 1811// 1848//
f 1848// 1811// 1809//
f 1848// 1809// 1849//
f 1849// 1809// 1808//
f 1849// 1808// 1850//
f 1850// 1808// 1640//
f 1850// 1640// 1638//
f 1851// 1852// 1639//
f 1851// 1639// 1853//
f 1854// 1853// 1639//
f 1855// 1854// 1639//
f 1856// 1855// 1639//
f 1857// 1856// 1639//
f 1845// 1857// 1639//
f 1845// 1844// 1858//
f 1844// 1843// 1859//
f 1843// 1842// 1860//
f 1842// 1841// 1861//
f 1841// 1599// 1598//
f 1841// 1598// 1861//
f 1861// 1598// 1600//
f 1861// 1600// 1862//
f 1862// 1600// 1601//
f 1862// 1601// 1863//
f 1863// 1601// 1602//
f 1863// 1602// 1864//
f 1864// 1602// 1603//
f 1864// 1603// 1865//
f 1865// 1603// 1604//
f 1865// 1604// 1866//
f 1866// 1604// 2//
f 1866// 2// 1867//
f 1842// 1861// 1860//
f 1860// 1861// 1862//
f 1860// 1862// 1868//
f 1868// 1862// 1863//
f 1868// 1863// 1869//
f 1869// 1863// 1864//
f 1869// 1864// 1870//
f 1870// 1864// 1865//
f 1870// 1865// 1871//
f 1871// 1865// 1866//
f 1871// 1866// 1872//
f 1872// 1866// 1867//
f 1872// 1867// 1873//
f 1843// 1860// 1859//
f 1859// 1860// 1868//
f 1859// 1868// 1874//
f 1874// 1868// 1869//
f 1874// 1869// 1875//
f 1875// 1869// 1870//
f 1875// 1870// 1876//
f 1876// 1870// 1871//
f 1876// 1871// 1877//
f 1877// 1871// 1872//
f 1877// 1872// 1878//
f 1878// 1872// 1873//
f 1878// 1873// 1879//
f 1844// 1859// 1858//
f 1858// 1859// 1874//
f 1858// 1874// 1880//
f 1880// 1874// 1875//
f 1880// 1875// 1881//
f 1881// 1875// 1876//
f 1881// 1876// 1882//
f 1882// 1876// 1877//
f 1882// 1877// 1883//
f 1883// 1877// 1878//
f 1883// 1878// 1884//
f 1884// 1878// 1879//
f 1884// 1879// 1885//
f 1845// 1858// 1857//
f 1857// 1858// 1880//
f 1857// 1880// 1856//
f 1856// 1880// 1881//
f 1856// 1881// 1855//
f 1855// 1881// 1882//
f 1855// 1882// 1854//
f 1854// 1882// 1883//
f 1854// 1883// 1853//
f 1853// 1883// 1884//
f 1853// 1884// 1851//
f 1851// 1884// 1885//
f 1851// 1885// 1852//
f 1886// 1850// 1638//
f 1886// 1638// 1887//
f 1888// 1887// 1638//
f 1889// 1888// 1638//
f 1890// 1889// 1638//
f 1891// 1890// 1638//
f 1892// 1891// 1638//
f 1892// 1893// 1894//
f 1893// 1895// 1896//
f 1895// 1897// 1898//
f 1897// 1899// 1900//
f 1899// 1630// 1631//
f 1899// 1631// 1900//
f 1900// 1631// 1632//
f 1900// 1632// 1901//
f 1901// 1632// 1633//
f 1901// 1633// 1902//
f 1902// 1633// 1634//
f 1902// 1634// 1903//
f 1903// 1634// 1635//
f 1903// 1635// 1904//
f 1904// 1635// 1636//
f 1904// 1636// 1905//
f 1905// 1636// 12//
f 1905// 12// 1846//
f 1897// 1900// 1898//
f 1898// 1900// 1901//
f 1898// 1901// 1906//
f 1906// 1901// 1902//
f 1906// 1902// 1907//
f 1907// 1902// 1903//
f 1907// 1903// 1908//
f 1908// 1903// 1904//
f 1908// 1904// 1909//
f 1909// 1904// 1905//
f 1909// 1905// 1910//
f 1910// 1905// 1846//
f 1910// 1846// 1847//
f 1895// 1898// 1896//
f 1896// 1898// 1906//
f 1896// 1906// 1911//
f 1911// 1906// 1907//
f 1911// 1907// 1912//
f 1912// 1907// 1908//
f 1912// 1908// 1913//
f 1913// 1908// 1909//
f 1913// 1909// 1914//
f 1914// 1909// 1910//
f 1914// 1910// 1915//
f 1915// 1910// 1847//
f 1915// 1847// 1848//
f 1893// 1896// 1894//
f 1894// 1896// 1911//
f 1894// 1911// 1916//
f 1916// 1911// 1912//
f 1916// 1912// 1917//
f 1917// 1912// 1913//
f 1917// 1913// 1918//
f 1918// 1913// 1914//
f 1918// 1914// 1919//
f 1919// 1914// 1915//
f 1919// 1915// 1920//
f 1920// 1915// 1848//
f 1920// 1848// 1849//
f 1892// 1894// 1891//
f 1891// 1894// 1916//
f 1891// 1916// 1890//
f 1890// 1916// 1917//
f 1890// 1917// 1889//
f 1889// 1917// 1918//
f 1889// 1918// 1888//
f 1888// 1918// 1919//
f 1888// 1919// 1887//
f 1887// 1919// 1920//
f 1887// 1920// 1886//
f 1886// 1920// 1849//
f 1886// 1849// 1850//
f 2// 62// 1921//
f 2// 1921// 1867//
f 1867// 1921// 1922//
f 1867// 1922// 1873//
f 1873// 1922// 1923//
f 1873// 1923// 1879//
f 1879// 1923// 1924//
f 1879// 1924// 1885//
f 1885// 1924// 1925//
f 1885// 1925// 1852//
f 1852// 1925// 1637//
f 1852// 1637// 1639//
f 1629// 1630// 1899//
f 1629// 1899// 1926//
f 1926// 1899// 1897//
f 1926// 1897// 1927//
f 1927// 1897// 1895//
f 1927// 1895// 1928//
f 1928// 1895// 1893//
f 1928// 1893// 1929//
f 1929// 1893// 1892//
f 1929// 1892// 1930//
f 1930// 1892// 1638//
f 1930// 1638// 1637//
f 1931// 1930// 1637//
f 1931// 1637// 1932//
f 1933// 1932// 1637//
f 1934// 1933// 1637//
f 1935// 1934// 1637//
f 1936// 1935// 1637//
f 1925// 1936// 1637//
f 1925// 1924// 1937//
f 1924// 1923// 1938//
f 1923// 1922// 1939//
f 1922// 1921// 1940//
f 1921// 62// 1623//
f 1921// 1623// 1940//
f 1940// 1623// 1624//
f 1940// 1624// 1941//
f 1941// 1624// 1625//
f 1941// 1625// 1942//
f 1942// 1625// 1626//
f 1942// 1626// 1943//
f 1943// 1626// 1627//
f 1943// 1627// 1944//
f 1944// 1627// 1628//
f 1944// 1628// 1945//
f 1945// 1628// 1629//
f 1945// 1629// 1926//
f 1922// 1940// 1939//
f 1939// 1940// 1941//
f 1939// 1941// 1946//
f 1946// 1941// 1942//
f 1946// 1942// 1947//
f 1947// 1942// 1943//
f 1947// 1943// 1948//
f 1948// 1943// 1944//
f 1948// 1944// 1949//
f 1949// 1944// 1945//
f 1949// 1945// 1950//
f 1950// 1945// 1926//
f 1950// 1926// 1927//
f 1923// 1939// 1938//
f 1938// 1939// 1946//
f 1938// 1946// 1951//
f 1951// 1946// 1947//
f 1951// 1947// 1952//
f 1952// 1947// 1948//
f 1952// 1948// 1953//
f 1953// 1948// 1949//
f 1953// 1949// 1954//
f 1954// 1949// 1950//
f 1954// 1950// 1955//
f 1955// 1950// 1927//
f 1955// 1927// 1928//
f 1924// 1938// 1937//
f 1937// 1938// 1951//
f 1937// 1951// 1956//
f 1956// 1951// 1952//
f 1956// 1952// 1957//
f 1957// 1952// 1953//
f 1957// 1953// 1958//
f 1958// 1953// 1954//
f 1958// 1954// 1959//
f 1959// 1954// 1955//
f 1959// 1955// 1960//
f 1960// 1955// 1928//
f 1960// 1928// 1929//
f 1925// 1937// 1936//
f 1936// 1937// 1956//
f 1936// 1956// 1935//
f 1935// 1956// 1957//
f 1935// 1957// 1934//
f 1934// 1957// 1958//
f 1934// 1958// 1933//
f 1933// 1958// 1959//
f 1933// 1959// 1932//
f 1932// 1959// 1960//
f 1932// 1960// 1931//
f 1931// 1960// 1929//
f 1931// 1929// 1930//
usemtl 4
f 1961// 1962// 1963//
f 1963// 1962// 1964//
f 1965// 570// 1966//
f 1966// 570// 569//
f 1966// 569// 1967//
f 1967// 569// 556//
f 1967// 556// 1968//
f 1968// 556// 555//
f 555// 570// 1968//
f 1968// 570// 1965//
f 1969// 1970// 1971//
f 1971// 1970// 1972//
f 1971// 1972// 1973//
f 1973// 1972// 1974//
f 1973// 1974// 1975//
f 1975// 1974// 1976//
f 1975// 1976// 1966//
f 1966// 1976// 1965//
f 1966// 1967// 1975//
f 1975// 1967// 1977//
f 1975// 1977// 1973//
f 1973// 1977// 1978//
f 1973// 1978// 1971//
f 1971// 1978// 1979//
f 1971// 1979// 1969//
f 1969// 1979// 1980//
f 1967// 1968// 1977//
f 1977// 1968// 1981//
f 1977// 1981// 1978//
f 1978// 1981// 1982//
f 1978// 1982// 1979//
f 1979// 1982// 1983//
f 1979// 1983// 1980//
f 1980// 1983// 1984//
f 1970// 1984// 1983//
f 1970// 1983// 1972//
f 1972// 1983// 1982//
f 1972// 1982// 1974//
f 1974// 1982// 1981//
f 1974// 1981// 1976//
f 1976// 1981// 1968//
f 1976// 1968// 1965//
f 1985// 1970// 1986//
f 1986// 1970// 1969//
f 1986// 1969// 1987//
f 1987// 1969// 1980//
f 1987// 1980// 1988//
f 1988// 1980// 1984//
f 1984// 1970// 1988//
f 1988// 1970// 1985//
f 1985// 1986// 1989//
f 1989// 1986// 1990//
f 1989// 1990// 1991//
f 1991// 1990// 1992//
f 1991// 1992// 1993//
f 1993// 1992// 1994//
f 1993// 1994// 1995//
f 1995// 1994// 1996//
f 1997// 1996// 1994//
f 1997// 1994// 1998//
f 1998// 1994// 1992//
f 1998// 1992// 1999//
f 1999// 1992// 1990//
f 1999// 1990// 2000//
f 2000// 1990// 1986//
f 2000// 1986// 1987//
f 2001// 1997// 2002//
f 2002// 1997// 1998//
f 2002// 1998// 2003//
f 2003// 1998// 1999//
f 2003// 1999// 2004//
f 2004// 1999// 2000//
f 2004// 2000// 1988//
f 1988// 2000// 1987//
f 1988// 1985// 2004//
f 2004// 1985// 1989//
f 2004// 1989// 2003//
f 2003// 1989// 1991//
f 2003// 1991// 2002//
f 2002// 1991// 1993//
f 2002// 1993// 2001//
f 2001// 1993// 1995//
f 1964// 1995// 1963//
f 1963// 1995// 1996//
f 1963// 1996// 1961//
f 1961// 1996// 1997//
f 1961// 1997// 1962//
f 1962// 1997// 2001//
f 2001// 1995// 1962//
f 1962// 1995// 1964//
f 2005// 2006// 2007//
f 2007// 2006// 2008//
f 2009// 562// 2010//
f 2010// 562// 557//
f 2010// 557// 2011//
f 2011// 557// 558//
f 2011// 558// 2012//
f 2012// 558// 560//
f 560// 562// 2012//
f 2012// 562// 2009//
f 2013// 2014// 2015//
f 2015// 2014// 2016//
f 2015// 2016// 2017//
f 2017// 2016// 2018//
f 2017// 2018// 2019//
f 2019// 2018// 2020//
f 2019// 2020// 2010//
f 2010// 2020// 2009//
f 2010// 2011// 2019//
f 2019// 2011// 2021//
f 2019// 2021// 2017//
f 2017// 2021// 2022//
f 2017// 2022// 2015//
f 2015// 2022// 2023//
f 2015// 2023// 2013//
f 2013// 2023// 2024//
f 2011// 2012// 2021//
f 2021// 2012// 2025//
f 2021// 2025// 2022//
f 2022// 2025// 2026//
f 2022// 2026// 2023//
f 2023// 2026// 2027//
f 2023// 2027// 2024//
f 2024// 2027// 2028//
f 2014// 2028// 2027//
f 2014// 2027// 2016//
f 2016// 2027// 2026//
f 2016// 2026// 2018//
f 2018// 2026// 2025//
f 2018// 2025// 2020//
f 2020// 2025// 2012//
f 2020// 2012// 2009//
f 2029// 2014// 2030//
f 2030// 2014// 2013//
f 2030// 2013// 2031//
f 2031// 2013// 2024//
f 2031// 2024// 2032//
f 2032// 2024// 2028//
f 2028// 2014// 2032//
f 2032// 2014// 2029//
f 2029// 2030// 2033//
f 2033// 2030// 2034//
f 2033// 2034// 2035//
f 2035// 2034// 2036//
f 2035// 2036// 2037//
f 2037// 2036// 2038//
f 2037// 2038// 2039//
f 2039// 2038// 2040//
f 2041// 2040// 2038//
f 2041// 2038// 2042//
f 2042// 2038// 2036//
f 2042// 2036// 2043//
f 2043// 2036// 2034//
f 2043// 2034// 2044//
f 2044// 2034// 2030//
f 2044// 2030// 2031//
f 2045// 2041// 2046//
f 2046// 2041// 2042//
f 2046// 2042// 2047//
f 2047// 2042// 2043//
f 2047// 2043// 2048//
f 2048// 2043// 2044//
f 2048// 2044// 2032//
f 2032// 2044// 2031//
f 2032// 2029// 2048//
f 2048// 2029// 2033//
f 2048// 2033// 2047//
f 2047// 2033// 2035//
f 2047// 2035// 2046//
f 2046// 2035// 2037//
f 2046// 2037// 2045//
f 2045// 2037// 2039//
f 2008// 2039// 2007//
f 2007// 2039// 2040//
f 2007// 2040// 2005//
f 2005// 2040// 2041//
f 2005// 2041// 2006//
f 2006// 2041// 2045//
f 2045// 2039// 2006//
f 2006// 2039// 2008//
f 2049// 2050// 2051//
f 2051// 2050// 2052//
f 2053// 578// 2054//
f 2054// 578// 577//
f 2054// 577// 2055//
f 2055// 577// 590//
f 2055// 590// 2056//
f 2056// 590// 579//
f 579// 578// 2056//
f 2056// 578// 2053//
f 2057// 2058// 2059//
f 2059// 2058// 2060//
f 2059// 2060// 2061//
f 2061// 2060// 2062//
f 2061// 2062// 2063//
f 2063// 2062// 2064//
f 2063// 2064// 2054//
f 2054// 2064// 2053//
f 2054// 2055// 2063//
f 2063// 2055// 2065//
f 2063// 2065// 2061//
f 2061// 2065// 2066//
f 2061// 2066// 2059//
f 2059// 2066// 2067//
f 2059// 2067// 2057//
f 2057// 2067// 2068//
f 2055// 2056// 2065//
f 2065// 2056// 2069//
f 2065// 2069// 2066//
f 2066// 2069// 2070//
f 2066// 2070// 2067//
f 2067// 2070// 2071//
f 2067// 2071// 2068//
f 2068// 2071// 2072//
f 2058// 2072// 2071//
f 2058// 2071// 2060//
f 2060// 2071// 2070//
f 2060// 2070// 2062//
f 2062// 2070// 2069//
f 2062// 2069// 2064//
f 2064// 2069// 2056//
f 2064// 2056// 2053//
f 2073// 2058// 2074//
f 2074// 2058// 2057//
f 2074// 2057// 2075//
f 2075// 2057// 2068//
f 2075// 2068// 2076//
f 2076// 2068// 2072//
f 2072// 2058// 2076//
f 2076// 2058// 2073//
f 2073// 2074// 2077//
f 2077// 2074// 2078//
f 2077// 2078// 2079//
f 2079// 2078// 2080//
f 2079// 2080// 2081//
f 2081// 2080// 2082//
f 2081// 2082// 2083//
f 2083// 2082// 2084//
f 2085// 2084// 2082//
f 2085// 2082// 2086//
f 2086// 2082// 2080//
f 2086// 2080// 2087//
f 2087// 2080// 2078//
f 2087// 2078// 2088//
f 2088// 2078// 2074//
f 2088// 2074// 2075//
f 2089// 2085// 2090//
f 2090// 2085// 2086//
f 2090// 2086// 2091//
f 2091// 2086// 2087//
f 2091// 2087// 2092//
f 2092// 2087// 2088//
f 2092// 2088// 2076//
f 2076// 2088// 2075//
f 2076// 2073// 2092//
f 2092// 2073// 2077//
f 2092// 2077// 2091//
f 2091// 2077// 2079//
f 2091// 2079// 2090//
f 2090// 2079// 2081//
f 2090// 2081// 2089//
f 2089// 2081// 2083//
f 2049// 2083// 2050//
f 2050// 2083// 2084//
f 2050// 2084// 2052//
f 2052// 2084// 2085//
f 2052// 2085// 2051//
f 2051// 2085// 2089//
f 2089// 2083// 2051//
f 2051// 2083// 2049//
f 2093// 2094// 2095//
f 2095// 2094// 2096//
f 2097// 581// 2098//
f 2098// 581// 583//
f 2098// 583// 2099//
f 2099// 583// 576//
f 2099// 576// 2100//
f 2100// 576// 575//
f 575// 581// 2100//
f 2100// 581// 2097//
f 2101// 2102// 2103//
f 2103// 2102// 2104//
f 2103// 2104// 2105//
f 2105// 2104// 2106//
f 2105// 2106// 2107//
f 2107// 2106// 2108//
f 2107// 2108// 2098//
f 2098// 2108// 2097//
f 2098// 2099// 2107//
f 2107// 2099// 2109//
f 2107// 2109// 2105//
f 2105// 2109// 2110//
f 2105// 2110// 2103//
f 2103// 2110// 2111//
f 2103// 2111// 2101//
f 2101// 2111// 2112//
f 2099// 2100// 2109//
f 2109// 2100// 2113//
f 2109// 2113// 2110//
f 2110// 2113// 2114//
f 2110// 2114// 2111//
f 2111// 2114// 2115//
f 2111// 2115// 2112//
f 2112// 2115// 2116//
f 2102// 2116// 2115//
f 2102// 2115// 2104//
f 2104// 2115// 2114//
f 2104// 2114// 2106//
f 2106// 2114// 2113//
f 2106// 2113// 2108//
f 2108// 2113// 2100//
f 2108// 2100// 2097//
f 2117// 2102// 2118//
f 2118// 2102// 2101//
f 2118// 2101// 2119//
f 2119// 2101// 2112//
f 2119// 2112// 2120//
f 2120// 2112// 2116//
f 2116// 2102// 2120//
f 2120// 2102// 2117//
f 2117// 2118// 2121//
f 2121// 2118// 2122//
f 2121// 2122// 2123//
f 2123// 2122// 2124//
f 2123// 2124// 2125//
f 2125// 2124// 2126//
f 2125// 2126// 2127//
f 2127// 2126// 2128//
f 2129// 2128// 2126//
f 2129// 2126// 2130//
f 2130// 2126// 2124//
f 2130// 2124// 2131//
f 2131// 2124// 2122//
f 2131// 2122// 2132//
f 2132// 2122// 2118//
f 2132// 2118// 2119//
f 2133// 2129// 2134//
f 2134// 2129// 2130//
f 2134// 2130// 2135//
f 2135// 2130// 2131//
f 2135// 2131// 2136//
f 2136// 2131// 2132//
f 2136// 2132// 2120//
f 2120// 2132// 2119//
f 2120// 2117// 2136//
f 2136// 2117// 2121//
f 2136// 2121// 2135//
f 2135// 2121// 2123//
f 2135// 2123// 2134//
f 2134// 2123// 2125//
f 2134// 2125// 2133//
f 2133// 2125// 2127//
f 2093// 2127// 2094//
f 2094// 2127// 2128//
f 2094// 2128// 2096//
f 2096// 2128// 2129//
f 2096// 2129// 2095//
f 2095// 2129// 2133//
f 2133// 2127// 2095//
f 2095// 2127// 2093//
